Analysis & Synthesis report for v1
Wed Apr 10 14:19:32 2024
Quartus Prime Version 20.1.0 Build 711 06/05/2020 SJ Lite Edition


---------------------
; Table of Contents ;
---------------------
  1. Legal Notice
  2. Analysis & Synthesis Summary
  3. Analysis & Synthesis Settings
  4. Parallel Compilation
  5. Analysis & Synthesis Source Files Read
  6. Analysis & Synthesis Resource Usage Summary
  7. Analysis & Synthesis Resource Utilization by Entity
  8. Analysis & Synthesis IP Cores Summary
  9. State Machine - |DE10_LITE_Golden_Top|spi_control:spi_ctrl|spi_state
 10. State Machine - |DE10_LITE_Golden_Top|spi_control:spi_ctrl|spi_serdes:serdes|state
 11. Registers Removed During Synthesis
 12. Removed Registers Triggering Further Register Optimizations
 13. General Register Statistics
 14. Inverted Register Statistics
 15. Multiplexer Restructuring Statistics (Restructuring Performed)
 16. Parameter Settings for User Entity Instance: pll:ip_inst|altpll:altpll_component
 17. Parameter Settings for User Entity Instance: spi_control:spi_ctrl
 18. altpll Parameter Settings by Entity Instance
 19. Port Connectivity Checks: "spi_control:spi_ctrl"
 20. Port Connectivity Checks: "Timer:tmr"
 21. Port Connectivity Checks: "score_display:comb_3"
 22. Port Connectivity Checks: "game_state:gs"
 23. Port Connectivity Checks: "vga_display:d1"
 24. Port Connectivity Checks: "vga_sync:v1"
 25. Post-Synthesis Netlist Statistics for Top Partition
 26. Elapsed Time Per Partition
 27. Analysis & Synthesis Messages
 28. Analysis & Synthesis Suppressed Messages



----------------
; Legal Notice ;
----------------
Copyright (C) 2020  Intel Corporation. All rights reserved.
Your use of Intel Corporation's design tools, logic functions 
and other software and tools, and any partner logic 
functions, and any output files from any of the foregoing 
(including device programming or simulation files), and any 
associated documentation or information are expressly subject 
to the terms and conditions of the Intel Program License 
Subscription Agreement, the Intel Quartus Prime License Agreement,
the Intel FPGA IP License Agreement, or other applicable license
agreement, including, without limitation, that your use is for
the sole purpose of programming logic devices manufactured by
Intel and sold by Intel or its authorized distributors.  Please
refer to the applicable agreement for further details, at
https://fpgasoftware.intel.com/eula.



+----------------------------------------------------------------------------------+
; Analysis & Synthesis Summary                                                     ;
+------------------------------------+---------------------------------------------+
; Analysis & Synthesis Status        ; Successful - Wed Apr 10 14:19:32 2024       ;
; Quartus Prime Version              ; 20.1.0 Build 711 06/05/2020 SJ Lite Edition ;
; Revision Name                      ; v1                                          ;
; Top-level Entity Name              ; DE10_LITE_Golden_Top                        ;
; Family                             ; MAX 10                                      ;
; Total logic elements               ; 951                                         ;
;     Total combinational functions  ; 932                                         ;
;     Dedicated logic registers      ; 305                                         ;
; Total registers                    ; 305                                         ;
; Total pins                         ; 185                                         ;
; Total virtual pins                 ; 0                                           ;
; Total memory bits                  ; 0                                           ;
; Embedded Multiplier 9-bit elements ; 0                                           ;
; Total PLLs                         ; 1                                           ;
; UFM blocks                         ; 0                                           ;
; ADC blocks                         ; 0                                           ;
+------------------------------------+---------------------------------------------+


+--------------------------------------------------------------------------------------------------------------+
; Analysis & Synthesis Settings                                                                                ;
+------------------------------------------------------------------+----------------------+--------------------+
; Option                                                           ; Setting              ; Default Value      ;
+------------------------------------------------------------------+----------------------+--------------------+
; Device                                                           ; 10M50DAF484C6GES     ;                    ;
; Top-level entity name                                            ; DE10_LITE_Golden_Top ; v1                 ;
; Family name                                                      ; MAX 10               ; Cyclone V          ;
; Use smart compilation                                            ; Off                  ; Off                ;
; Enable parallel Assembler and Timing Analyzer during compilation ; On                   ; On                 ;
; Enable compact report table                                      ; Off                  ; Off                ;
; Restructure Multiplexers                                         ; Auto                 ; Auto               ;
; Create Debugging Nodes for IP Cores                              ; Off                  ; Off                ;
; Preserve fewer node names                                        ; On                   ; On                 ;
; Intel FPGA IP Evaluation Mode                                    ; Enable               ; Enable             ;
; Verilog Version                                                  ; Verilog_2001         ; Verilog_2001       ;
; VHDL Version                                                     ; VHDL_1993            ; VHDL_1993          ;
; State Machine Processing                                         ; Auto                 ; Auto               ;
; Safe State Machine                                               ; Off                  ; Off                ;
; Extract Verilog State Machines                                   ; On                   ; On                 ;
; Extract VHDL State Machines                                      ; On                   ; On                 ;
; Ignore Verilog initial constructs                                ; Off                  ; Off                ;
; Iteration limit for constant Verilog loops                       ; 5000                 ; 5000               ;
; Iteration limit for non-constant Verilog loops                   ; 250                  ; 250                ;
; Add Pass-Through Logic to Inferred RAMs                          ; On                   ; On                 ;
; Infer RAMs from Raw Logic                                        ; On                   ; On                 ;
; Parallel Synthesis                                               ; On                   ; On                 ;
; DSP Block Balancing                                              ; Auto                 ; Auto               ;
; NOT Gate Push-Back                                               ; On                   ; On                 ;
; Power-Up Don't Care                                              ; On                   ; On                 ;
; Remove Redundant Logic Cells                                     ; Off                  ; Off                ;
; Remove Duplicate Registers                                       ; On                   ; On                 ;
; Ignore CARRY Buffers                                             ; Off                  ; Off                ;
; Ignore CASCADE Buffers                                           ; Off                  ; Off                ;
; Ignore GLOBAL Buffers                                            ; Off                  ; Off                ;
; Ignore ROW GLOBAL Buffers                                        ; Off                  ; Off                ;
; Ignore LCELL Buffers                                             ; Off                  ; Off                ;
; Ignore SOFT Buffers                                              ; On                   ; On                 ;
; Limit AHDL Integers to 32 Bits                                   ; Off                  ; Off                ;
; Optimization Technique                                           ; Balanced             ; Balanced           ;
; Carry Chain Length                                               ; 70                   ; 70                 ;
; Auto Carry Chains                                                ; On                   ; On                 ;
; Auto Open-Drain Pins                                             ; On                   ; On                 ;
; Perform WYSIWYG Primitive Resynthesis                            ; Off                  ; Off                ;
; Auto ROM Replacement                                             ; On                   ; On                 ;
; Auto RAM Replacement                                             ; On                   ; On                 ;
; Auto DSP Block Replacement                                       ; On                   ; On                 ;
; Auto Shift Register Replacement                                  ; Auto                 ; Auto               ;
; Allow Shift Register Merging across Hierarchies                  ; Auto                 ; Auto               ;
; Auto Clock Enable Replacement                                    ; On                   ; On                 ;
; Strict RAM Replacement                                           ; Off                  ; Off                ;
; Allow Synchronous Control Signals                                ; On                   ; On                 ;
; Force Use of Synchronous Clear Signals                           ; Off                  ; Off                ;
; Auto RAM Block Balancing                                         ; On                   ; On                 ;
; Auto RAM to Logic Cell Conversion                                ; Off                  ; Off                ;
; Auto Resource Sharing                                            ; Off                  ; Off                ;
; Allow Any RAM Size For Recognition                               ; Off                  ; Off                ;
; Allow Any ROM Size For Recognition                               ; Off                  ; Off                ;
; Allow Any Shift Register Size For Recognition                    ; Off                  ; Off                ;
; Use LogicLock Constraints during Resource Balancing              ; On                   ; On                 ;
; Ignore translate_off and synthesis_off directives                ; Off                  ; Off                ;
; Timing-Driven Synthesis                                          ; On                   ; On                 ;
; Report Parameter Settings                                        ; On                   ; On                 ;
; Report Source Assignments                                        ; On                   ; On                 ;
; Report Connectivity Checks                                       ; On                   ; On                 ;
; Ignore Maximum Fan-Out Assignments                               ; Off                  ; Off                ;
; Synchronization Register Chain Length                            ; 2                    ; 2                  ;
; Power Optimization During Synthesis                              ; Normal compilation   ; Normal compilation ;
; HDL message level                                                ; Level2               ; Level2             ;
; Suppress Register Optimization Related Messages                  ; Off                  ; Off                ;
; Number of Removed Registers Reported in Synthesis Report         ; 5000                 ; 5000               ;
; Number of Swept Nodes Reported in Synthesis Report               ; 5000                 ; 5000               ;
; Number of Inverted Registers Reported in Synthesis Report        ; 100                  ; 100                ;
; Clock MUX Protection                                             ; On                   ; On                 ;
; Auto Gated Clock Conversion                                      ; Off                  ; Off                ;
; Block Design Naming                                              ; Auto                 ; Auto               ;
; SDC constraint protection                                        ; Off                  ; Off                ;
; Synthesis Effort                                                 ; Auto                 ; Auto               ;
; Shift Register Replacement - Allow Asynchronous Clear Signal     ; On                   ; On                 ;
; Pre-Mapping Resynthesis Optimization                             ; Off                  ; Off                ;
; Analysis & Synthesis Message Level                               ; Medium               ; Medium             ;
; Disable Register Merging Across Hierarchies                      ; Auto                 ; Auto               ;
; Resource Aware Inference For Block RAM                           ; On                   ; On                 ;
+------------------------------------------------------------------+----------------------+--------------------+


+------------------------------------------+
; Parallel Compilation                     ;
+----------------------------+-------------+
; Processors                 ; Number      ;
+----------------------------+-------------+
; Number detected on machine ; 4           ;
; Maximum allowed            ; 4           ;
;                            ;             ;
; Average used               ; 1.00        ;
; Maximum used               ; 4           ;
;                            ;             ;
; Usage by Processor         ; % Time Used ;
;     Processor 1            ; 100.0%      ;
;     Processor 2            ;   0.1%      ;
;     Processors 3-4         ;   0.0%      ;
+----------------------------+-------------+


+---------------------------------------------------------------------------------------------------------------------------------------------------------------------------+
; Analysis & Synthesis Source Files Read                                                                                                                                    ;
+----------------------------------+-----------------+------------------------------+-----------------------------------------------------------------------------+---------+
; File Name with User-Entered Path ; Used in Netlist ; File Type                    ; File Name with Absolute Path                                                ; Library ;
+----------------------------------+-----------------+------------------------------+-----------------------------------------------------------------------------+---------+
; spi_control.sv                   ; yes             ; User SystemVerilog HDL File  ; C:/3216/216454050_218678144_217586561_Project/spi_control.sv                ;         ;
; spi_serdes.sv                    ; yes             ; User SystemVerilog HDL File  ; C:/3216/216454050_218678144_217586561_Project/spi_serdes.sv                 ;         ;
; DE10_LITE_Golden_Top.sv          ; yes             ; User SystemVerilog HDL File  ; C:/3216/216454050_218678144_217586561_Project/DE10_LITE_Golden_Top.sv       ;         ;
; ip/pll.v                         ; yes             ; User Wizard-Generated File   ; C:/3216/216454050_218678144_217586561_Project/ip/pll.v                      ;         ;
; output_files/vga_sync.sv         ; yes             ; User SystemVerilog HDL File  ; C:/3216/216454050_218678144_217586561_Project/output_files/vga_sync.sv      ;         ;
; output_files/clock_divider.sv    ; yes             ; User SystemVerilog HDL File  ; C:/3216/216454050_218678144_217586561_Project/output_files/clock_divider.sv ;         ;
; output_files/game_state.sv       ; yes             ; User SystemVerilog HDL File  ; C:/3216/216454050_218678144_217586561_Project/output_files/game_state.sv    ;         ;
; output_files/Timer.sv            ; yes             ; User SystemVerilog HDL File  ; C:/3216/216454050_218678144_217586561_Project/output_files/Timer.sv         ;         ;
; output_files/score_display.sv    ; yes             ; User SystemVerilog HDL File  ; C:/3216/216454050_218678144_217586561_Project/output_files/score_display.sv ;         ;
; output_files/vga_display.sv      ; yes             ; User SystemVerilog HDL File  ; C:/3216/216454050_218678144_217586561_Project/output_files/vga_display.sv   ;         ;
; output_files/puck.sv             ; yes             ; User SystemVerilog HDL File  ; C:/3216/216454050_218678144_217586561_Project/output_files/puck.sv          ;         ;
; altpll.tdf                       ; yes             ; Megafunction                 ; c:/intelfpga_lite/20.1/quartus/libraries/megafunctions/altpll.tdf           ;         ;
; aglobal201.inc                   ; yes             ; Megafunction                 ; c:/intelfpga_lite/20.1/quartus/libraries/megafunctions/aglobal201.inc       ;         ;
; stratix_pll.inc                  ; yes             ; Megafunction                 ; c:/intelfpga_lite/20.1/quartus/libraries/megafunctions/stratix_pll.inc      ;         ;
; stratixii_pll.inc                ; yes             ; Megafunction                 ; c:/intelfpga_lite/20.1/quartus/libraries/megafunctions/stratixii_pll.inc    ;         ;
; cycloneii_pll.inc                ; yes             ; Megafunction                 ; c:/intelfpga_lite/20.1/quartus/libraries/megafunctions/cycloneii_pll.inc    ;         ;
; db/pll_altpll.v                  ; yes             ; Auto-Generated Megafunction  ; C:/3216/216454050_218678144_217586561_Project/db/pll_altpll.v               ;         ;
+----------------------------------+-----------------+------------------------------+-----------------------------------------------------------------------------+---------+


+-------------------------------------------------------------------+
; Analysis & Synthesis Resource Usage Summary                       ;
+---------------------------------------------+---------------------+
; Resource                                    ; Usage               ;
+---------------------------------------------+---------------------+
; Estimated Total logic elements              ; 951                 ;
;                                             ;                     ;
; Total combinational functions               ; 932                 ;
; Logic element usage by number of LUT inputs ;                     ;
;     -- 4 input functions                    ; 305                 ;
;     -- 3 input functions                    ; 229                 ;
;     -- <=2 input functions                  ; 398                 ;
;                                             ;                     ;
; Logic elements by mode                      ;                     ;
;     -- normal mode                          ; 543                 ;
;     -- arithmetic mode                      ; 389                 ;
;                                             ;                     ;
; Total registers                             ; 305                 ;
;     -- Dedicated logic registers            ; 305                 ;
;     -- I/O registers                        ; 0                   ;
;                                             ;                     ;
; I/O pins                                    ; 185                 ;
;                                             ;                     ;
; Embedded Multiplier 9-bit elements          ; 0                   ;
;                                             ;                     ;
; Total PLLs                                  ; 1                   ;
;     -- PLLs                                 ; 1                   ;
;                                             ;                     ;
; Maximum fan-out node                        ; MAX10_CLK1_50~input ;
; Maximum fan-out                             ; 199                 ;
; Total fan-out                               ; 3940                ;
; Average fan-out                             ; 2.35                ;
+---------------------------------------------+---------------------+


+-----------------------------------------------------------------------------------------------------------------------------------------------------------------------------------------------------------------------------------------------------------------------------------------------------------------------+
; Analysis & Synthesis Resource Utilization by Entity                                                                                                                                                                                                                                                                   ;
+--------------------------------------+---------------------+---------------------------+-------------+------------+--------------+---------+-----------+------+--------------+------------+-------------------------------------------------------------------------------------+----------------------+--------------+
; Compilation Hierarchy Node           ; Combinational ALUTs ; Dedicated Logic Registers ; Memory Bits ; UFM Blocks ; DSP Elements ; DSP 9x9 ; DSP 18x18 ; Pins ; Virtual Pins ; ADC blocks ; Full Hierarchy Name                                                                 ; Entity Name          ; Library Name ;
+--------------------------------------+---------------------+---------------------------+-------------+------------+--------------+---------+-----------+------+--------------+------------+-------------------------------------------------------------------------------------+----------------------+--------------+
; |DE10_LITE_Golden_Top                ; 932 (145)           ; 305 (20)                  ; 0           ; 0          ; 0            ; 0       ; 0         ; 185  ; 0            ; 0          ; |DE10_LITE_Golden_Top                                                               ; DE10_LITE_Golden_Top ; work         ;
;    |Timer:tmr|                       ; 270 (270)           ; 105 (105)                 ; 0           ; 0          ; 0            ; 0       ; 0         ; 0    ; 0            ; 0          ; |DE10_LITE_Golden_Top|Timer:tmr                                                     ; Timer                ; work         ;
;    |clock_divider:c1|                ; 44 (44)             ; 28 (28)                   ; 0           ; 0          ; 0            ; 0       ; 0         ; 0    ; 0            ; 0          ; |DE10_LITE_Golden_Top|clock_divider:c1                                              ; clock_divider        ; work         ;
;    |game_state:gs|                   ; 4 (4)               ; 2 (2)                     ; 0           ; 0          ; 0            ; 0       ; 0         ; 0    ; 0            ; 0          ; |DE10_LITE_Golden_Top|game_state:gs                                                 ; game_state           ; work         ;
;    |pll:ip_inst|                     ; 0 (0)               ; 0 (0)                     ; 0           ; 0          ; 0            ; 0       ; 0         ; 0    ; 0            ; 0          ; |DE10_LITE_Golden_Top|pll:ip_inst                                                   ; pll                  ; work         ;
;       |altpll:altpll_component|      ; 0 (0)               ; 0 (0)                     ; 0           ; 0          ; 0            ; 0       ; 0         ; 0    ; 0            ; 0          ; |DE10_LITE_Golden_Top|pll:ip_inst|altpll:altpll_component                           ; altpll               ; work         ;
;          |pll_altpll:auto_generated| ; 0 (0)               ; 0 (0)                     ; 0           ; 0          ; 0            ; 0       ; 0         ; 0    ; 0            ; 0          ; |DE10_LITE_Golden_Top|pll:ip_inst|altpll:altpll_component|pll_altpll:auto_generated ; pll_altpll           ; work         ;
;    |puck:b1|                         ; 206 (206)           ; 30 (30)                   ; 0           ; 0          ; 0            ; 0       ; 0         ; 0    ; 0            ; 0          ; |DE10_LITE_Golden_Top|puck:b1                                                       ; puck                 ; work         ;
;    |score_display:comb_3|            ; 28 (28)             ; 0 (0)                     ; 0           ; 0          ; 0            ; 0       ; 0         ; 0    ; 0            ; 0          ; |DE10_LITE_Golden_Top|score_display:comb_3                                          ; score_display        ; work         ;
;    |spi_control:spi_ctrl|            ; 82 (54)             ; 57 (32)                   ; 0           ; 0          ; 0            ; 0       ; 0         ; 0    ; 0            ; 0          ; |DE10_LITE_Golden_Top|spi_control:spi_ctrl                                          ; spi_control          ; work         ;
;       |spi_serdes:serdes|            ; 28 (28)             ; 25 (25)                   ; 0           ; 0          ; 0            ; 0       ; 0         ; 0    ; 0            ; 0          ; |DE10_LITE_Golden_Top|spi_control:spi_ctrl|spi_serdes:serdes                        ; spi_serdes           ; work         ;
;    |vga_display:d1|                  ; 112 (112)           ; 40 (40)                   ; 0           ; 0          ; 0            ; 0       ; 0         ; 0    ; 0            ; 0          ; |DE10_LITE_Golden_Top|vga_display:d1                                                ; vga_display          ; work         ;
;    |vga_sync:v1|                     ; 41 (41)             ; 23 (23)                   ; 0           ; 0          ; 0            ; 0       ; 0         ; 0    ; 0            ; 0          ; |DE10_LITE_Golden_Top|vga_sync:v1                                                   ; vga_sync             ; work         ;
+--------------------------------------+---------------------+---------------------------+-------------+------------+--------------+---------+-----------+------+--------------+------------+-------------------------------------------------------------------------------------+----------------------+--------------+
Note: For table entries with two numbers listed, the numbers in parentheses indicate the number of resources of the given type used by the specific entity alone. The numbers listed outside of parentheses indicate the total resources of the given type used by the specific entity and all of its sub-entities in the hierarchy.


+---------------------------------------------------------------------------------------------------------------------+
; Analysis & Synthesis IP Cores Summary                                                                               ;
+--------+--------------+---------+--------------+--------------+-----------------------------------+-----------------+
; Vendor ; IP Core Name ; Version ; Release Date ; License Type ; Entity Instance                   ; IP Include File ;
+--------+--------------+---------+--------------+--------------+-----------------------------------+-----------------+
; Altera ; ALTPLL       ; 20.1    ; N/A          ; N/A          ; |DE10_LITE_Golden_Top|pll:ip_inst ; ip/pll.v        ;
+--------+--------------+---------+--------------+--------------+-----------------------------------+-----------------+


Encoding Type:  One-Hot
+-------------------------------------------------------------------------------+
; State Machine - |DE10_LITE_Golden_Top|spi_control:spi_ctrl|spi_state          ;
+--------------------+----------------+--------------------+--------------------+
; Name               ; spi_state.IDLE ; spi_state.INTERACT ; spi_state.TRANSFER ;
+--------------------+----------------+--------------------+--------------------+
; spi_state.IDLE     ; 0              ; 0                  ; 0                  ;
; spi_state.TRANSFER ; 1              ; 0                  ; 1                  ;
; spi_state.INTERACT ; 1              ; 1                  ; 0                  ;
+--------------------+----------------+--------------------+--------------------+


Encoding Type:  One-Hot
+------------------------------------------------------------------------------------+
; State Machine - |DE10_LITE_Golden_Top|spi_control:spi_ctrl|spi_serdes:serdes|state ;
+-------------+-------------+------------+-------------+-----------------------------+
; Name        ; state.STALL ; state.READ ; state.WRITE ; state.IDLE                  ;
+-------------+-------------+------------+-------------+-----------------------------+
; state.IDLE  ; 0           ; 0          ; 0           ; 0                           ;
; state.WRITE ; 0           ; 0          ; 1           ; 1                           ;
; state.READ  ; 0           ; 1          ; 0           ; 1                           ;
; state.STALL ; 1           ; 0          ; 0           ; 1                           ;
+-------------+-------------+------------+-------------+-----------------------------+


+-----------------------------------------------------------------------------------------------------------------------------+
; Registers Removed During Synthesis                                                                                          ;
+--------------------------------------------------------+--------------------------------------------------------------------+
; Register name                                          ; Reason for Removal                                                 ;
+--------------------------------------------------------+--------------------------------------------------------------------+
; x_paddle2[0]                                           ; Stuck at VCC due to stuck port data_in                             ;
; x_paddle2[1]                                           ; Stuck at GND due to stuck port data_in                             ;
; x_paddle2[2]                                           ; Stuck at VCC due to stuck port data_in                             ;
; x_paddle2[3,4]                                         ; Stuck at GND due to stuck port data_in                             ;
; x_paddle2[5,6]                                         ; Stuck at VCC due to stuck port data_in                             ;
; x_paddle2[7,8]                                         ; Stuck at GND due to stuck port data_in                             ;
; x_paddle2[9]                                           ; Stuck at VCC due to stuck port data_in                             ;
; x_paddle1[0,1]                                         ; Stuck at VCC due to stuck port data_in                             ;
; x_paddle1[2]                                           ; Stuck at GND due to stuck port data_in                             ;
; x_paddle1[3,4]                                         ; Stuck at VCC due to stuck port data_in                             ;
; x_paddle1[5..9]                                        ; Stuck at GND due to stuck port data_in                             ;
; spi_control:spi_ctrl|data_tx[7]                        ; Stuck at GND due to stuck port data_in                             ;
; spi_control:spi_ctrl|spi_serdes:serdes|data_tx_reg[7]  ; Stuck at GND due to stuck port data_in                             ;
; Timer:tmr|seg_left[3]                                  ; Merged with Timer:tmr|seg_left[0]                                  ;
; spi_control:spi_ctrl|spi_serdes:serdes|read            ; Merged with spi_control:spi_ctrl|spi_serdes:serdes|data_tx_reg[15] ;
; spi_control:spi_ctrl|spi_serdes:serdes|data_tx_reg[6]  ; Merged with spi_control:spi_ctrl|spi_serdes:serdes|data_tx_reg[2]  ;
; spi_control:spi_ctrl|data_tx[6]                        ; Merged with spi_control:spi_ctrl|data_tx[2]                        ;
; vga_display:d1|corner_color_right[11]                  ; Stuck at GND due to stuck port data_in                             ;
; vga_display:d1|corner_color_left[11]                   ; Stuck at GND due to stuck port data_in                             ;
; puck:b1|dx[0]                                          ; Stuck at VCC due to stuck port data_in                             ;
; puck:b1|dy[0]                                          ; Stuck at VCC due to stuck port data_in                             ;
; puck:b1|dx[10..31]                                     ; Lost fanout                                                        ;
; puck:b1|dy[10..31]                                     ; Lost fanout                                                        ;
; spi_control:spi_ctrl|data_tx[14]                       ; Stuck at GND due to stuck port data_in                             ;
; spi_control:spi_ctrl|data_tx[13]                       ; Stuck at VCC due to stuck port data_in                             ;
; spi_control:spi_ctrl|spi_serdes:serdes|data_tx_reg[14] ; Stuck at GND due to stuck port data_in                             ;
; spi_control:spi_ctrl|spi_serdes:serdes|data_tx_reg[13] ; Stuck at VCC due to stuck port data_in                             ;
; spi_control:spi_ctrl|spi_serdes:serdes|state~5         ; Lost fanout                                                        ;
; spi_control:spi_ctrl|spi_serdes:serdes|state~6         ; Lost fanout                                                        ;
; vga_display:d1|corner_color_right[9]                   ; Merged with vga_display:d1|corner_color_right[10]                  ;
; vga_display:d1|corner_color_left[9]                    ; Merged with vga_display:d1|corner_color_left[10]                   ;
; puck:b1|dx[2..9]                                       ; Merged with puck:b1|dx[1]                                          ;
; puck:b1|dy[2..9]                                       ; Merged with puck:b1|dy[1]                                          ;
; clock_divider:c1|i[0]                                  ; Merged with vga_sync:v1|pixel_reg                                  ;
; Total Number of Removed Registers = 99                 ;                                                                    ;
+--------------------------------------------------------+--------------------------------------------------------------------+


+-----------------------------------------------------------------------------------------------------------------------+
; Removed Registers Triggering Further Register Optimizations                                                           ;
+----------------------------------+---------------------------+--------------------------------------------------------+
; Register name                    ; Reason for Removal        ; Registers Removed due to This Register                 ;
+----------------------------------+---------------------------+--------------------------------------------------------+
; x_paddle2[0]                     ; Stuck at VCC              ; puck:b1|dx[0], puck:b1|dx[30]                          ;
;                                  ; due to stuck port data_in ;                                                        ;
; spi_control:spi_ctrl|data_tx[7]  ; Stuck at GND              ; spi_control:spi_ctrl|spi_serdes:serdes|data_tx_reg[7]  ;
;                                  ; due to stuck port data_in ;                                                        ;
; spi_control:spi_ctrl|data_tx[14] ; Stuck at GND              ; spi_control:spi_ctrl|spi_serdes:serdes|data_tx_reg[14] ;
;                                  ; due to stuck port data_in ;                                                        ;
; spi_control:spi_ctrl|data_tx[13] ; Stuck at VCC              ; spi_control:spi_ctrl|spi_serdes:serdes|data_tx_reg[13] ;
;                                  ; due to stuck port data_in ;                                                        ;
+----------------------------------+---------------------------+--------------------------------------------------------+


+------------------------------------------------------+
; General Register Statistics                          ;
+----------------------------------------------+-------+
; Statistic                                    ; Value ;
+----------------------------------------------+-------+
; Total registers                              ; 305   ;
; Number of registers using Synchronous Clear  ; 111   ;
; Number of registers using Synchronous Load   ; 20    ;
; Number of registers using Asynchronous Clear ; 23    ;
; Number of registers using Asynchronous Load  ; 0     ;
; Number of registers using Clock Enable       ; 193   ;
; Number of registers using Preset             ; 0     ;
+----------------------------------------------+-------+


+---------------------------------------------------+
; Inverted Register Statistics                      ;
+-----------------------------------------+---------+
; Inverted Register                       ; Fan out ;
+-----------------------------------------+---------+
; Timer:tmr|seg_right[0]                  ; 3       ;
; Timer:tmr|seg_right[1]                  ; 2       ;
; Timer:tmr|seg_right[2]                  ; 3       ;
; Timer:tmr|seg_right[3]                  ; 1       ;
; Timer:tmr|seg_right[4]                  ; 1       ;
; Timer:tmr|seg_right[5]                  ; 1       ;
; Timer:tmr|seg_right[6]                  ; 1       ;
; Timer:tmr|seg_left[0]                   ; 3       ;
; Timer:tmr|seg_left[1]                   ; 2       ;
; Timer:tmr|seg_left[2]                   ; 3       ;
; Timer:tmr|seg_left[4]                   ; 1       ;
; Timer:tmr|seg_left[5]                   ; 1       ;
; Timer:tmr|seg_left[6]                   ; 3       ;
; y_paddle2[7]                            ; 5       ;
; y_paddle2[6]                            ; 5       ;
; y_paddle2[5]                            ; 5       ;
; y_paddle2[4]                            ; 5       ;
; vga_display:d1|corner_color_right[0]    ; 1       ;
; vga_display:d1|corner_color_left[0]     ; 1       ;
; y_paddle1[7]                            ; 5       ;
; y_paddle1[6]                            ; 5       ;
; y_paddle1[5]                            ; 5       ;
; y_paddle1[4]                            ; 5       ;
; vga_display:d1|corner_color_right[3]    ; 2       ;
; vga_display:d1|corner_color_left[3]     ; 2       ;
; vga_display:d1|corner_color_right[4]    ; 7       ;
; vga_display:d1|corner_color_left[4]     ; 7       ;
; vga_display:d1|corner_color_right[5]    ; 7       ;
; vga_display:d1|corner_color_left[5]     ; 7       ;
; vga_display:d1|corner_color_right[6]    ; 6       ;
; vga_display:d1|corner_color_left[6]     ; 6       ;
; vga_display:d1|corner_color_right[7]    ; 5       ;
; vga_display:d1|corner_color_left[7]     ; 5       ;
; vga_display:d1|corner_color_right[10]   ; 3       ;
; vga_display:d1|corner_color_left[10]    ; 3       ;
; Total number of inverted registers = 35 ;         ;
+-----------------------------------------+---------+


+--------------------------------------------------------------------------------------------------------------------------------------------------------------------------------------+
; Multiplexer Restructuring Statistics (Restructuring Performed)                                                                                                                       ;
+--------------------+-----------+---------------+----------------------+------------------------+------------+------------------------------------------------------------------------+
; Multiplexer Inputs ; Bus Width ; Baseline Area ; Area if Restructured ; Saving if Restructured ; Registered ; Example Multiplexer Output                                             ;
+--------------------+-----------+---------------+----------------------+------------------------+------------+------------------------------------------------------------------------+
; 3:1                ; 4 bits    ; 8 LEs         ; 4 LEs                ; 4 LEs                  ; Yes        ; |DE10_LITE_Golden_Top|puck:b1|p2_score[3]                              ;
; 3:1                ; 4 bits    ; 8 LEs         ; 4 LEs                ; 4 LEs                  ; Yes        ; |DE10_LITE_Golden_Top|puck:b1|p1_score[0]                              ;
; 3:1                ; 6 bits    ; 12 LEs        ; 6 LEs                ; 6 LEs                  ; Yes        ; |DE10_LITE_Golden_Top|y_paddle2[1]                                     ;
; 3:1                ; 6 bits    ; 12 LEs        ; 6 LEs                ; 6 LEs                  ; Yes        ; |DE10_LITE_Golden_Top|y_paddle1[3]                                     ;
; 3:1                ; 2 bits    ; 4 LEs         ; 2 LEs                ; 2 LEs                  ; Yes        ; |DE10_LITE_Golden_Top|spi_control:spi_ctrl|data_tx[12]                 ;
; 3:1                ; 3 bits    ; 6 LEs         ; 3 LEs                ; 3 LEs                  ; Yes        ; |DE10_LITE_Golden_Top|spi_control:spi_ctrl|data_tx[8]                  ;
; 3:1                ; 32 bits   ; 64 LEs        ; 32 LEs               ; 32 LEs                 ; Yes        ; |DE10_LITE_Golden_Top|Timer:tmr|count[24]                              ;
; 3:1                ; 7 bits    ; 14 LEs        ; 7 LEs                ; 7 LEs                  ; Yes        ; |DE10_LITE_Golden_Top|vga_display:d1|corner_color_left[8]              ;
; 3:1                ; 7 bits    ; 14 LEs        ; 7 LEs                ; 7 LEs                  ; Yes        ; |DE10_LITE_Golden_Top|vga_display:d1|corner_color_right[2]             ;
; 4:1                ; 60 bits   ; 120 LEs       ; 60 LEs               ; 60 LEs                 ; Yes        ; |DE10_LITE_Golden_Top|Timer:tmr|timer[11]                              ;
; 4:1                ; 4 bits    ; 8 LEs         ; 4 LEs                ; 4 LEs                  ; Yes        ; |DE10_LITE_Golden_Top|spi_control:spi_ctrl|spi_serdes:serdes|count[0]  ;
; 5:1                ; 20 bits   ; 60 LEs        ; 20 LEs               ; 40 LEs                 ; Yes        ; |DE10_LITE_Golden_Top|puck:b1|y_puck[7]                                ;
; 5:1                ; 11 bits   ; 33 LEs        ; 22 LEs               ; 11 LEs                 ; Yes        ; |DE10_LITE_Golden_Top|vga_display:d1|rgb_reg[10]                       ;
; 3:1                ; 4 bits    ; 8 LEs         ; 4 LEs                ; 4 LEs                  ; Yes        ; |DE10_LITE_Golden_Top|y_paddle2[4]                                     ;
; 3:1                ; 4 bits    ; 8 LEs         ; 4 LEs                ; 4 LEs                  ; Yes        ; |DE10_LITE_Golden_Top|y_paddle1[4]                                     ;
; 3:1                ; 2 bits    ; 4 LEs         ; 0 LEs                ; 4 LEs                  ; Yes        ; |DE10_LITE_Golden_Top|vga_display:d1|corner_color_left[10]             ;
; 3:1                ; 2 bits    ; 4 LEs         ; 2 LEs                ; 2 LEs                  ; Yes        ; |DE10_LITE_Golden_Top|vga_display:d1|corner_color_left[3]              ;
; 3:1                ; 2 bits    ; 4 LEs         ; 0 LEs                ; 4 LEs                  ; Yes        ; |DE10_LITE_Golden_Top|vga_display:d1|corner_color_right[10]            ;
; 3:1                ; 2 bits    ; 4 LEs         ; 2 LEs                ; 2 LEs                  ; Yes        ; |DE10_LITE_Golden_Top|vga_display:d1|corner_color_right[3]             ;
; 4:1                ; 4 bits    ; 8 LEs         ; 8 LEs                ; 0 LEs                  ; Yes        ; |DE10_LITE_Golden_Top|vga_display:d1|corner_color_left[7]              ;
; 4:1                ; 4 bits    ; 8 LEs         ; 8 LEs                ; 0 LEs                  ; Yes        ; |DE10_LITE_Golden_Top|vga_display:d1|corner_color_right[4]             ;
; 10:1               ; 2 bits    ; 12 LEs        ; 12 LEs               ; 0 LEs                  ; Yes        ; |DE10_LITE_Golden_Top|Timer:tmr|seg_left[4]                            ;
; 13:1               ; 4 bits    ; 32 LEs        ; 32 LEs               ; 0 LEs                  ; Yes        ; |DE10_LITE_Golden_Top|Timer:tmr|seg_right[4]                           ;
; 4:1                ; 9 bits    ; 18 LEs        ; 9 LEs                ; 9 LEs                  ; No         ; |DE10_LITE_Golden_Top|puck:b1|dx                                       ;
; 4:1                ; 9 bits    ; 18 LEs        ; 9 LEs                ; 9 LEs                  ; No         ; |DE10_LITE_Golden_Top|puck:b1|dy                                       ;
; 6:1                ; 4 bits    ; 16 LEs        ; 12 LEs               ; 4 LEs                  ; No         ; |DE10_LITE_Golden_Top|spi_control:spi_ctrl|spi_serdes:serdes|Selector4 ;
+--------------------+-----------+---------------+----------------------+------------------------+------------+------------------------------------------------------------------------+


+----------------------------------------------------------------------------------+
; Parameter Settings for User Entity Instance: pll:ip_inst|altpll:altpll_component ;
+-------------------------------+-----------------------+--------------------------+
; Parameter Name                ; Value                 ; Type                     ;
+-------------------------------+-----------------------+--------------------------+
; OPERATION_MODE                ; NORMAL                ; Untyped                  ;
; PLL_TYPE                      ; AUTO                  ; Untyped                  ;
; LPM_HINT                      ; CBX_MODULE_PREFIX=pll ; Untyped                  ;
; QUALIFY_CONF_DONE             ; OFF                   ; Untyped                  ;
; COMPENSATE_CLOCK              ; CLK0                  ; Untyped                  ;
; SCAN_CHAIN                    ; LONG                  ; Untyped                  ;
; PRIMARY_CLOCK                 ; INCLK0                ; Untyped                  ;
; INCLK0_INPUT_FREQUENCY        ; 20000                 ; Signed Integer           ;
; INCLK1_INPUT_FREQUENCY        ; 0                     ; Untyped                  ;
; GATE_LOCK_SIGNAL              ; NO                    ; Untyped                  ;
; GATE_LOCK_COUNTER             ; 0                     ; Untyped                  ;
; LOCK_HIGH                     ; 1                     ; Untyped                  ;
; LOCK_LOW                      ; 1                     ; Untyped                  ;
; VALID_LOCK_MULTIPLIER         ; 1                     ; Untyped                  ;
; INVALID_LOCK_MULTIPLIER       ; 5                     ; Untyped                  ;
; SWITCH_OVER_ON_LOSSCLK        ; OFF                   ; Untyped                  ;
; SWITCH_OVER_ON_GATED_LOCK     ; OFF                   ; Untyped                  ;
; ENABLE_SWITCH_OVER_COUNTER    ; OFF                   ; Untyped                  ;
; SKIP_VCO                      ; OFF                   ; Untyped                  ;
; SWITCH_OVER_COUNTER           ; 0                     ; Untyped                  ;
; SWITCH_OVER_TYPE              ; AUTO                  ; Untyped                  ;
; FEEDBACK_SOURCE               ; EXTCLK0               ; Untyped                  ;
; BANDWIDTH                     ; 0                     ; Untyped                  ;
; BANDWIDTH_TYPE                ; AUTO                  ; Untyped                  ;
; SPREAD_FREQUENCY              ; 0                     ; Untyped                  ;
; DOWN_SPREAD                   ; 0                     ; Untyped                  ;
; SELF_RESET_ON_GATED_LOSS_LOCK ; OFF                   ; Untyped                  ;
; SELF_RESET_ON_LOSS_LOCK       ; OFF                   ; Untyped                  ;
; CLK9_MULTIPLY_BY              ; 0                     ; Untyped                  ;
; CLK8_MULTIPLY_BY              ; 0                     ; Untyped                  ;
; CLK7_MULTIPLY_BY              ; 0                     ; Untyped                  ;
; CLK6_MULTIPLY_BY              ; 0                     ; Untyped                  ;
; CLK5_MULTIPLY_BY              ; 1                     ; Untyped                  ;
; CLK4_MULTIPLY_BY              ; 1                     ; Untyped                  ;
; CLK3_MULTIPLY_BY              ; 1                     ; Untyped                  ;
; CLK2_MULTIPLY_BY              ; 1                     ; Signed Integer           ;
; CLK1_MULTIPLY_BY              ; 1                     ; Signed Integer           ;
; CLK0_MULTIPLY_BY              ; 1                     ; Signed Integer           ;
; CLK9_DIVIDE_BY                ; 0                     ; Untyped                  ;
; CLK8_DIVIDE_BY                ; 0                     ; Untyped                  ;
; CLK7_DIVIDE_BY                ; 0                     ; Untyped                  ;
; CLK6_DIVIDE_BY                ; 0                     ; Untyped                  ;
; CLK5_DIVIDE_BY                ; 1                     ; Untyped                  ;
; CLK4_DIVIDE_BY                ; 1                     ; Untyped                  ;
; CLK3_DIVIDE_BY                ; 1                     ; Untyped                  ;
; CLK2_DIVIDE_BY                ; 25                    ; Signed Integer           ;
; CLK1_DIVIDE_BY                ; 25                    ; Signed Integer           ;
; CLK0_DIVIDE_BY                ; 2                     ; Signed Integer           ;
; CLK9_PHASE_SHIFT              ; 0                     ; Untyped                  ;
; CLK8_PHASE_SHIFT              ; 0                     ; Untyped                  ;
; CLK7_PHASE_SHIFT              ; 0                     ; Untyped                  ;
; CLK6_PHASE_SHIFT              ; 0                     ; Untyped                  ;
; CLK5_PHASE_SHIFT              ; 0                     ; Untyped                  ;
; CLK4_PHASE_SHIFT              ; 0                     ; Untyped                  ;
; CLK3_PHASE_SHIFT              ; 0                     ; Untyped                  ;
; CLK2_PHASE_SHIFT              ; 375000                ; Untyped                  ;
; CLK1_PHASE_SHIFT              ; 0                     ; Untyped                  ;
; CLK0_PHASE_SHIFT              ; 0                     ; Untyped                  ;
; CLK5_TIME_DELAY               ; 0                     ; Untyped                  ;
; CLK4_TIME_DELAY               ; 0                     ; Untyped                  ;
; CLK3_TIME_DELAY               ; 0                     ; Untyped                  ;
; CLK2_TIME_DELAY               ; 0                     ; Untyped                  ;
; CLK1_TIME_DELAY               ; 0                     ; Untyped                  ;
; CLK0_TIME_DELAY               ; 0                     ; Untyped                  ;
; CLK9_DUTY_CYCLE               ; 50                    ; Untyped                  ;
; CLK8_DUTY_CYCLE               ; 50                    ; Untyped                  ;
; CLK7_DUTY_CYCLE               ; 50                    ; Untyped                  ;
; CLK6_DUTY_CYCLE               ; 50                    ; Untyped                  ;
; CLK5_DUTY_CYCLE               ; 50                    ; Untyped                  ;
; CLK4_DUTY_CYCLE               ; 50                    ; Untyped                  ;
; CLK3_DUTY_CYCLE               ; 50                    ; Untyped                  ;
; CLK2_DUTY_CYCLE               ; 50                    ; Signed Integer           ;
; CLK1_DUTY_CYCLE               ; 50                    ; Signed Integer           ;
; CLK0_DUTY_CYCLE               ; 50                    ; Signed Integer           ;
; CLK9_USE_EVEN_COUNTER_MODE    ; OFF                   ; Untyped                  ;
; CLK8_USE_EVEN_COUNTER_MODE    ; OFF                   ; Untyped                  ;
; CLK7_USE_EVEN_COUNTER_MODE    ; OFF                   ; Untyped                  ;
; CLK6_USE_EVEN_COUNTER_MODE    ; OFF                   ; Untyped                  ;
; CLK5_USE_EVEN_COUNTER_MODE    ; OFF                   ; Untyped                  ;
; CLK4_USE_EVEN_COUNTER_MODE    ; OFF                   ; Untyped                  ;
; CLK3_USE_EVEN_COUNTER_MODE    ; OFF                   ; Untyped                  ;
; CLK2_USE_EVEN_COUNTER_MODE    ; OFF                   ; Untyped                  ;
; CLK1_USE_EVEN_COUNTER_MODE    ; OFF                   ; Untyped                  ;
; CLK0_USE_EVEN_COUNTER_MODE    ; OFF                   ; Untyped                  ;
; CLK9_USE_EVEN_COUNTER_VALUE   ; OFF                   ; Untyped                  ;
; CLK8_USE_EVEN_COUNTER_VALUE   ; OFF                   ; Untyped                  ;
; CLK7_USE_EVEN_COUNTER_VALUE   ; OFF                   ; Untyped                  ;
; CLK6_USE_EVEN_COUNTER_VALUE   ; OFF                   ; Untyped                  ;
; CLK5_USE_EVEN_COUNTER_VALUE   ; OFF                   ; Untyped                  ;
; CLK4_USE_EVEN_COUNTER_VALUE   ; OFF                   ; Untyped                  ;
; CLK3_USE_EVEN_COUNTER_VALUE   ; OFF                   ; Untyped                  ;
; CLK2_USE_EVEN_COUNTER_VALUE   ; OFF                   ; Untyped                  ;
; CLK1_USE_EVEN_COUNTER_VALUE   ; OFF                   ; Untyped                  ;
; CLK0_USE_EVEN_COUNTER_VALUE   ; OFF                   ; Untyped                  ;
; LOCK_WINDOW_UI                ;  0.05                 ; Untyped                  ;
; LOCK_WINDOW_UI_BITS           ; UNUSED                ; Untyped                  ;
; VCO_RANGE_DETECTOR_LOW_BITS   ; UNUSED                ; Untyped                  ;
; VCO_RANGE_DETECTOR_HIGH_BITS  ; UNUSED                ; Untyped                  ;
; DPA_MULTIPLY_BY               ; 0                     ; Untyped                  ;
; DPA_DIVIDE_BY                 ; 1                     ; Untyped                  ;
; DPA_DIVIDER                   ; 0                     ; Untyped                  ;
; EXTCLK3_MULTIPLY_BY           ; 1                     ; Untyped                  ;
; EXTCLK2_MULTIPLY_BY           ; 1                     ; Untyped                  ;
; EXTCLK1_MULTIPLY_BY           ; 1                     ; Untyped                  ;
; EXTCLK0_MULTIPLY_BY           ; 1                     ; Untyped                  ;
; EXTCLK3_DIVIDE_BY             ; 1                     ; Untyped                  ;
; EXTCLK2_DIVIDE_BY             ; 1                     ; Untyped                  ;
; EXTCLK1_DIVIDE_BY             ; 1                     ; Untyped                  ;
; EXTCLK0_DIVIDE_BY             ; 1                     ; Untyped                  ;
; EXTCLK3_PHASE_SHIFT           ; 0                     ; Untyped                  ;
; EXTCLK2_PHASE_SHIFT           ; 0                     ; Untyped                  ;
; EXTCLK1_PHASE_SHIFT           ; 0                     ; Untyped                  ;
; EXTCLK0_PHASE_SHIFT           ; 0                     ; Untyped                  ;
; EXTCLK3_TIME_DELAY            ; 0                     ; Untyped                  ;
; EXTCLK2_TIME_DELAY            ; 0                     ; Untyped                  ;
; EXTCLK1_TIME_DELAY            ; 0                     ; Untyped                  ;
; EXTCLK0_TIME_DELAY            ; 0                     ; Untyped                  ;
; EXTCLK3_DUTY_CYCLE            ; 50                    ; Untyped                  ;
; EXTCLK2_DUTY_CYCLE            ; 50                    ; Untyped                  ;
; EXTCLK1_DUTY_CYCLE            ; 50                    ; Untyped                  ;
; EXTCLK0_DUTY_CYCLE            ; 50                    ; Untyped                  ;
; VCO_MULTIPLY_BY               ; 0                     ; Untyped                  ;
; VCO_DIVIDE_BY                 ; 0                     ; Untyped                  ;
; SCLKOUT0_PHASE_SHIFT          ; 0                     ; Untyped                  ;
; SCLKOUT1_PHASE_SHIFT          ; 0                     ; Untyped                  ;
; VCO_MIN                       ; 0                     ; Untyped                  ;
; VCO_MAX                       ; 0                     ; Untyped                  ;
; VCO_CENTER                    ; 0                     ; Untyped                  ;
; PFD_MIN                       ; 0                     ; Untyped                  ;
; PFD_MAX                       ; 0                     ; Untyped                  ;
; M_INITIAL                     ; 0                     ; Untyped                  ;
; M                             ; 0                     ; Untyped                  ;
; N                             ; 1                     ; Untyped                  ;
; M2                            ; 1                     ; Untyped                  ;
; N2                            ; 1                     ; Untyped                  ;
; SS                            ; 1                     ; Untyped                  ;
; C0_HIGH                       ; 0                     ; Untyped                  ;
; C1_HIGH                       ; 0                     ; Untyped                  ;
; C2_HIGH                       ; 0                     ; Untyped                  ;
; C3_HIGH                       ; 0                     ; Untyped                  ;
; C4_HIGH                       ; 0                     ; Untyped                  ;
; C5_HIGH                       ; 0                     ; Untyped                  ;
; C6_HIGH                       ; 0                     ; Untyped                  ;
; C7_HIGH                       ; 0                     ; Untyped                  ;
; C8_HIGH                       ; 0                     ; Untyped                  ;
; C9_HIGH                       ; 0                     ; Untyped                  ;
; C0_LOW                        ; 0                     ; Untyped                  ;
; C1_LOW                        ; 0                     ; Untyped                  ;
; C2_LOW                        ; 0                     ; Untyped                  ;
; C3_LOW                        ; 0                     ; Untyped                  ;
; C4_LOW                        ; 0                     ; Untyped                  ;
; C5_LOW                        ; 0                     ; Untyped                  ;
; C6_LOW                        ; 0                     ; Untyped                  ;
; C7_LOW                        ; 0                     ; Untyped                  ;
; C8_LOW                        ; 0                     ; Untyped                  ;
; C9_LOW                        ; 0                     ; Untyped                  ;
; C0_INITIAL                    ; 0                     ; Untyped                  ;
; C1_INITIAL                    ; 0                     ; Untyped                  ;
; C2_INITIAL                    ; 0                     ; Untyped                  ;
; C3_INITIAL                    ; 0                     ; Untyped                  ;
; C4_INITIAL                    ; 0                     ; Untyped                  ;
; C5_INITIAL                    ; 0                     ; Untyped                  ;
; C6_INITIAL                    ; 0                     ; Untyped                  ;
; C7_INITIAL                    ; 0                     ; Untyped                  ;
; C8_INITIAL                    ; 0                     ; Untyped                  ;
; C9_INITIAL                    ; 0                     ; Untyped                  ;
; C0_MODE                       ; BYPASS                ; Untyped                  ;
; C1_MODE                       ; BYPASS                ; Untyped                  ;
; C2_MODE                       ; BYPASS                ; Untyped                  ;
; C3_MODE                       ; BYPASS                ; Untyped                  ;
; C4_MODE                       ; BYPASS                ; Untyped                  ;
; C5_MODE                       ; BYPASS                ; Untyped                  ;
; C6_MODE                       ; BYPASS                ; Untyped                  ;
; C7_MODE                       ; BYPASS                ; Untyped                  ;
; C8_MODE                       ; BYPASS                ; Untyped                  ;
; C9_MODE                       ; BYPASS                ; Untyped                  ;
; C0_PH                         ; 0                     ; Untyped                  ;
; C1_PH                         ; 0                     ; Untyped                  ;
; C2_PH                         ; 0                     ; Untyped                  ;
; C3_PH                         ; 0                     ; Untyped                  ;
; C4_PH                         ; 0                     ; Untyped                  ;
; C5_PH                         ; 0                     ; Untyped                  ;
; C6_PH                         ; 0                     ; Untyped                  ;
; C7_PH                         ; 0                     ; Untyped                  ;
; C8_PH                         ; 0                     ; Untyped                  ;
; C9_PH                         ; 0                     ; Untyped                  ;
; L0_HIGH                       ; 1                     ; Untyped                  ;
; L1_HIGH                       ; 1                     ; Untyped                  ;
; G0_HIGH                       ; 1                     ; Untyped                  ;
; G1_HIGH                       ; 1                     ; Untyped                  ;
; G2_HIGH                       ; 1                     ; Untyped                  ;
; G3_HIGH                       ; 1                     ; Untyped                  ;
; E0_HIGH                       ; 1                     ; Untyped                  ;
; E1_HIGH                       ; 1                     ; Untyped                  ;
; E2_HIGH                       ; 1                     ; Untyped                  ;
; E3_HIGH                       ; 1                     ; Untyped                  ;
; L0_LOW                        ; 1                     ; Untyped                  ;
; L1_LOW                        ; 1                     ; Untyped                  ;
; G0_LOW                        ; 1                     ; Untyped                  ;
; G1_LOW                        ; 1                     ; Untyped                  ;
; G2_LOW                        ; 1                     ; Untyped                  ;
; G3_LOW                        ; 1                     ; Untyped                  ;
; E0_LOW                        ; 1                     ; Untyped                  ;
; E1_LOW                        ; 1                     ; Untyped                  ;
; E2_LOW                        ; 1                     ; Untyped                  ;
; E3_LOW                        ; 1                     ; Untyped                  ;
; L0_INITIAL                    ; 1                     ; Untyped                  ;
; L1_INITIAL                    ; 1                     ; Untyped                  ;
; G0_INITIAL                    ; 1                     ; Untyped                  ;
; G1_INITIAL                    ; 1                     ; Untyped                  ;
; G2_INITIAL                    ; 1                     ; Untyped                  ;
; G3_INITIAL                    ; 1                     ; Untyped                  ;
; E0_INITIAL                    ; 1                     ; Untyped                  ;
; E1_INITIAL                    ; 1                     ; Untyped                  ;
; E2_INITIAL                    ; 1                     ; Untyped                  ;
; E3_INITIAL                    ; 1                     ; Untyped                  ;
; L0_MODE                       ; BYPASS                ; Untyped                  ;
; L1_MODE                       ; BYPASS                ; Untyped                  ;
; G0_MODE                       ; BYPASS                ; Untyped                  ;
; G1_MODE                       ; BYPASS                ; Untyped                  ;
; G2_MODE                       ; BYPASS                ; Untyped                  ;
; G3_MODE                       ; BYPASS                ; Untyped                  ;
; E0_MODE                       ; BYPASS                ; Untyped                  ;
; E1_MODE                       ; BYPASS                ; Untyped                  ;
; E2_MODE                       ; BYPASS                ; Untyped                  ;
; E3_MODE                       ; BYPASS                ; Untyped                  ;
; L0_PH                         ; 0                     ; Untyped                  ;
; L1_PH                         ; 0                     ; Untyped                  ;
; G0_PH                         ; 0                     ; Untyped                  ;
; G1_PH                         ; 0                     ; Untyped                  ;
; G2_PH                         ; 0                     ; Untyped                  ;
; G3_PH                         ; 0                     ; Untyped                  ;
; E0_PH                         ; 0                     ; Untyped                  ;
; E1_PH                         ; 0                     ; Untyped                  ;
; E2_PH                         ; 0                     ; Untyped                  ;
; E3_PH                         ; 0                     ; Untyped                  ;
; M_PH                          ; 0                     ; Untyped                  ;
; C1_USE_CASC_IN                ; OFF                   ; Untyped                  ;
; C2_USE_CASC_IN                ; OFF                   ; Untyped                  ;
; C3_USE_CASC_IN                ; OFF                   ; Untyped                  ;
; C4_USE_CASC_IN                ; OFF                   ; Untyped                  ;
; C5_USE_CASC_IN                ; OFF                   ; Untyped                  ;
; C6_USE_CASC_IN                ; OFF                   ; Untyped                  ;
; C7_USE_CASC_IN                ; OFF                   ; Untyped                  ;
; C8_USE_CASC_IN                ; OFF                   ; Untyped                  ;
; C9_USE_CASC_IN                ; OFF                   ; Untyped                  ;
; CLK0_COUNTER                  ; G0                    ; Untyped                  ;
; CLK1_COUNTER                  ; G0                    ; Untyped                  ;
; CLK2_COUNTER                  ; G0                    ; Untyped                  ;
; CLK3_COUNTER                  ; G0                    ; Untyped                  ;
; CLK4_COUNTER                  ; G0                    ; Untyped                  ;
; CLK5_COUNTER                  ; G0                    ; Untyped                  ;
; CLK6_COUNTER                  ; E0                    ; Untyped                  ;
; CLK7_COUNTER                  ; E1                    ; Untyped                  ;
; CLK8_COUNTER                  ; E2                    ; Untyped                  ;
; CLK9_COUNTER                  ; E3                    ; Untyped                  ;
; L0_TIME_DELAY                 ; 0                     ; Untyped                  ;
; L1_TIME_DELAY                 ; 0                     ; Untyped                  ;
; G0_TIME_DELAY                 ; 0                     ; Untyped                  ;
; G1_TIME_DELAY                 ; 0                     ; Untyped                  ;
; G2_TIME_DELAY                 ; 0                     ; Untyped                  ;
; G3_TIME_DELAY                 ; 0                     ; Untyped                  ;
; E0_TIME_DELAY                 ; 0                     ; Untyped                  ;
; E1_TIME_DELAY                 ; 0                     ; Untyped                  ;
; E2_TIME_DELAY                 ; 0                     ; Untyped                  ;
; E3_TIME_DELAY                 ; 0                     ; Untyped                  ;
; M_TIME_DELAY                  ; 0                     ; Untyped                  ;
; N_TIME_DELAY                  ; 0                     ; Untyped                  ;
; EXTCLK3_COUNTER               ; E3                    ; Untyped                  ;
; EXTCLK2_COUNTER               ; E2                    ; Untyped                  ;
; EXTCLK1_COUNTER               ; E1                    ; Untyped                  ;
; EXTCLK0_COUNTER               ; E0                    ; Untyped                  ;
; ENABLE0_COUNTER               ; L0                    ; Untyped                  ;
; ENABLE1_COUNTER               ; L0                    ; Untyped                  ;
; CHARGE_PUMP_CURRENT           ; 2                     ; Untyped                  ;
; LOOP_FILTER_R                 ;  1.000000             ; Untyped                  ;
; LOOP_FILTER_C                 ; 5                     ; Untyped                  ;
; CHARGE_PUMP_CURRENT_BITS      ; 9999                  ; Untyped                  ;
; LOOP_FILTER_R_BITS            ; 9999                  ; Untyped                  ;
; LOOP_FILTER_C_BITS            ; 9999                  ; Untyped                  ;
; VCO_POST_SCALE                ; 0                     ; Untyped                  ;
; CLK2_OUTPUT_FREQUENCY         ; 0                     ; Untyped                  ;
; CLK1_OUTPUT_FREQUENCY         ; 0                     ; Untyped                  ;
; CLK0_OUTPUT_FREQUENCY         ; 0                     ; Untyped                  ;
; INTENDED_DEVICE_FAMILY        ; MAX 10                ; Untyped                  ;
; PORT_CLKENA0                  ; PORT_UNUSED           ; Untyped                  ;
; PORT_CLKENA1                  ; PORT_UNUSED           ; Untyped                  ;
; PORT_CLKENA2                  ; PORT_UNUSED           ; Untyped                  ;
; PORT_CLKENA3                  ; PORT_UNUSED           ; Untyped                  ;
; PORT_CLKENA4                  ; PORT_UNUSED           ; Untyped                  ;
; PORT_CLKENA5                  ; PORT_UNUSED           ; Untyped                  ;
; PORT_EXTCLKENA0               ; PORT_CONNECTIVITY     ; Untyped                  ;
; PORT_EXTCLKENA1               ; PORT_CONNECTIVITY     ; Untyped                  ;
; PORT_EXTCLKENA2               ; PORT_CONNECTIVITY     ; Untyped                  ;
; PORT_EXTCLKENA3               ; PORT_CONNECTIVITY     ; Untyped                  ;
; PORT_EXTCLK0                  ; PORT_UNUSED           ; Untyped                  ;
; PORT_EXTCLK1                  ; PORT_UNUSED           ; Untyped                  ;
; PORT_EXTCLK2                  ; PORT_UNUSED           ; Untyped                  ;
; PORT_EXTCLK3                  ; PORT_UNUSED           ; Untyped                  ;
; PORT_CLKBAD0                  ; PORT_UNUSED           ; Untyped                  ;
; PORT_CLKBAD1                  ; PORT_UNUSED           ; Untyped                  ;
; PORT_CLK0                     ; PORT_USED             ; Untyped                  ;
; PORT_CLK1                     ; PORT_USED             ; Untyped                  ;
; PORT_CLK2                     ; PORT_USED             ; Untyped                  ;
; PORT_CLK3                     ; PORT_UNUSED           ; Untyped                  ;
; PORT_CLK4                     ; PORT_UNUSED           ; Untyped                  ;
; PORT_CLK5                     ; PORT_UNUSED           ; Untyped                  ;
; PORT_CLK6                     ; PORT_UNUSED           ; Untyped                  ;
; PORT_CLK7                     ; PORT_UNUSED           ; Untyped                  ;
; PORT_CLK8                     ; PORT_UNUSED           ; Untyped                  ;
; PORT_CLK9                     ; PORT_UNUSED           ; Untyped                  ;
; PORT_SCANDATA                 ; PORT_UNUSED           ; Untyped                  ;
; PORT_SCANDATAOUT              ; PORT_UNUSED           ; Untyped                  ;
; PORT_SCANDONE                 ; PORT_UNUSED           ; Untyped                  ;
; PORT_SCLKOUT1                 ; PORT_CONNECTIVITY     ; Untyped                  ;
; PORT_SCLKOUT0                 ; PORT_CONNECTIVITY     ; Untyped                  ;
; PORT_ACTIVECLOCK              ; PORT_UNUSED           ; Untyped                  ;
; PORT_CLKLOSS                  ; PORT_UNUSED           ; Untyped                  ;
; PORT_INCLK1                   ; PORT_UNUSED           ; Untyped                  ;
; PORT_INCLK0                   ; PORT_USED             ; Untyped                  ;
; PORT_FBIN                     ; PORT_UNUSED           ; Untyped                  ;
; PORT_PLLENA                   ; PORT_UNUSED           ; Untyped                  ;
; PORT_CLKSWITCH                ; PORT_UNUSED           ; Untyped                  ;
; PORT_ARESET                   ; PORT_UNUSED           ; Untyped                  ;
; PORT_PFDENA                   ; PORT_UNUSED           ; Untyped                  ;
; PORT_SCANCLK                  ; PORT_UNUSED           ; Untyped                  ;
; PORT_SCANACLR                 ; PORT_UNUSED           ; Untyped                  ;
; PORT_SCANREAD                 ; PORT_UNUSED           ; Untyped                  ;
; PORT_SCANWRITE                ; PORT_UNUSED           ; Untyped                  ;
; PORT_ENABLE0                  ; PORT_CONNECTIVITY     ; Untyped                  ;
; PORT_ENABLE1                  ; PORT_CONNECTIVITY     ; Untyped                  ;
; PORT_LOCKED                   ; PORT_UNUSED           ; Untyped                  ;
; PORT_CONFIGUPDATE             ; PORT_UNUSED           ; Untyped                  ;
; PORT_FBOUT                    ; PORT_CONNECTIVITY     ; Untyped                  ;
; PORT_PHASEDONE                ; PORT_UNUSED           ; Untyped                  ;
; PORT_PHASESTEP                ; PORT_UNUSED           ; Untyped                  ;
; PORT_PHASEUPDOWN              ; PORT_UNUSED           ; Untyped                  ;
; PORT_SCANCLKENA               ; PORT_UNUSED           ; Untyped                  ;
; PORT_PHASECOUNTERSELECT       ; PORT_UNUSED           ; Untyped                  ;
; PORT_VCOOVERRANGE             ; PORT_CONNECTIVITY     ; Untyped                  ;
; PORT_VCOUNDERRANGE            ; PORT_CONNECTIVITY     ; Untyped                  ;
; M_TEST_SOURCE                 ; 5                     ; Untyped                  ;
; C0_TEST_SOURCE                ; 5                     ; Untyped                  ;
; C1_TEST_SOURCE                ; 5                     ; Untyped                  ;
; C2_TEST_SOURCE                ; 5                     ; Untyped                  ;
; C3_TEST_SOURCE                ; 5                     ; Untyped                  ;
; C4_TEST_SOURCE                ; 5                     ; Untyped                  ;
; C5_TEST_SOURCE                ; 5                     ; Untyped                  ;
; C6_TEST_SOURCE                ; 5                     ; Untyped                  ;
; C7_TEST_SOURCE                ; 5                     ; Untyped                  ;
; C8_TEST_SOURCE                ; 5                     ; Untyped                  ;
; C9_TEST_SOURCE                ; 5                     ; Untyped                  ;
; CBXI_PARAMETER                ; pll_altpll            ; Untyped                  ;
; VCO_FREQUENCY_CONTROL         ; AUTO                  ; Untyped                  ;
; VCO_PHASE_SHIFT_STEP          ; 0                     ; Untyped                  ;
; WIDTH_CLOCK                   ; 5                     ; Signed Integer           ;
; WIDTH_PHASECOUNTERSELECT      ; 4                     ; Untyped                  ;
; USING_FBMIMICBIDIR_PORT       ; OFF                   ; Untyped                  ;
; DEVICE_FAMILY                 ; MAX 10                ; Untyped                  ;
; SCAN_CHAIN_MIF_FILE           ; UNUSED                ; Untyped                  ;
; SIM_GATE_LOCK_DEVICE_BEHAVIOR ; OFF                   ; Untyped                  ;
; AUTO_CARRY_CHAINS             ; ON                    ; AUTO_CARRY               ;
; IGNORE_CARRY_BUFFERS          ; OFF                   ; IGNORE_CARRY             ;
; AUTO_CASCADE_CHAINS           ; ON                    ; AUTO_CASCADE             ;
; IGNORE_CASCADE_BUFFERS        ; OFF                   ; IGNORE_CASCADE           ;
+-------------------------------+-----------------------+--------------------------+
Note: In order to hide this table in the UI and the text report file, please set the "Show Parameter Settings in Synthesis Report" option in "Analysis and Synthesis Settings -> More Settings" to "Off".


+-------------------------------------------------------------------+
; Parameter Settings for User Entity Instance: spi_control:spi_ctrl ;
+----------------+-------+------------------------------------------+
; Parameter Name ; Value ; Type                                     ;
+----------------+-------+------------------------------------------+
; SPI_CLK_FREQ   ; 200   ; Signed Integer                           ;
; UPDATE_FREQ    ; 1     ; Signed Integer                           ;
+----------------+-------+------------------------------------------+
Note: In order to hide this table in the UI and the text report file, please set the "Show Parameter Settings in Synthesis Report" option in "Analysis and Synthesis Settings -> More Settings" to "Off".


+---------------------------------------------------------------------+
; altpll Parameter Settings by Entity Instance                        ;
+-------------------------------+-------------------------------------+
; Name                          ; Value                               ;
+-------------------------------+-------------------------------------+
; Number of entity instances    ; 1                                   ;
; Entity Instance               ; pll:ip_inst|altpll:altpll_component ;
;     -- OPERATION_MODE         ; NORMAL                              ;
;     -- PLL_TYPE               ; AUTO                                ;
;     -- PRIMARY_CLOCK          ; INCLK0                              ;
;     -- INCLK0_INPUT_FREQUENCY ; 20000                               ;
;     -- INCLK1_INPUT_FREQUENCY ; 0                                   ;
;     -- VCO_MULTIPLY_BY        ; 0                                   ;
;     -- VCO_DIVIDE_BY          ; 0                                   ;
+-------------------------------+-------------------------------------+


+--------------------------------------------------------------------------------------------------------------------------+
; Port Connectivity Checks: "spi_control:spi_ctrl"                                                                         ;
+----------------+--------+----------+-------------------------------------------------------------------------------------+
; Port           ; Type   ; Severity ; Details                                                                             ;
+----------------+--------+----------+-------------------------------------------------------------------------------------+
; data_update    ; Output ; Info     ; Connected to dangling logic. Logic that only feeds a dangling port will be removed. ;
; data_x         ; Output ; Info     ; Connected to dangling logic. Logic that only feeds a dangling port will be removed. ;
; data_y[15..13] ; Output ; Info     ; Connected to dangling logic. Logic that only feeds a dangling port will be removed. ;
; data_y[11..0]  ; Output ; Info     ; Connected to dangling logic. Logic that only feeds a dangling port will be removed. ;
+----------------+--------+----------+-------------------------------------------------------------------------------------+


+-------------------------------------------------------------------------------------------------------------------------------------------------------------------------------------------------------+
; Port Connectivity Checks: "Timer:tmr"                                                                                                                                                                 ;
+-----------+--------+----------+-----------------------------------------------------------------------------------------------------------------------------------------------------------------------+
; Port      ; Type   ; Severity ; Details                                                                                                                                                               ;
+-----------+--------+----------+-----------------------------------------------------------------------------------------------------------------------------------------------------------------------+
; timer     ; Output ; Warning  ; Output or bidir port (60 bits) is wider than the port expression (1 bits) it drives; bit(s) "timer[59..1]" have no fanouts                                            ;
; seg_left  ; Output ; Warning  ; Output or bidir port (7 bits) is smaller than the port expression (8 bits) it drives.  The 1 most-significant bit(s) in the port expression will be connected to GND. ;
; seg_right ; Output ; Warning  ; Output or bidir port (7 bits) is smaller than the port expression (8 bits) it drives.  The 1 most-significant bit(s) in the port expression will be connected to GND. ;
+-----------+--------+----------+-----------------------------------------------------------------------------------------------------------------------------------------------------------------------+


+--------------------------------------------------------------------------------------------------------------------------------------------------------------------------------------------------+
; Port Connectivity Checks: "score_display:comb_3"                                                                                                                                                 ;
+------+--------+----------+-----------------------------------------------------------------------------------------------------------------------------------------------------------------------+
; Port ; Type   ; Severity ; Details                                                                                                                                                               ;
+------+--------+----------+-----------------------------------------------------------------------------------------------------------------------------------------------------------------------+
; seg1 ; Output ; Warning  ; Output or bidir port (7 bits) is smaller than the port expression (8 bits) it drives.  The 1 most-significant bit(s) in the port expression will be connected to GND. ;
; seg2 ; Output ; Warning  ; Output or bidir port (7 bits) is smaller than the port expression (8 bits) it drives.  The 1 most-significant bit(s) in the port expression will be connected to GND. ;
+------+--------+----------+-----------------------------------------------------------------------------------------------------------------------------------------------------------------------+


+----------------------------------------------------------------------------------------------------------------------------------------------------------------------------+
; Port Connectivity Checks: "game_state:gs"                                                                                                                                  ;
+-------+-------+----------+-------------------------------------------------------------------------------------------------------------------------------------------------+
; Port  ; Type  ; Severity ; Details                                                                                                                                         ;
+-------+-------+----------+-------------------------------------------------------------------------------------------------------------------------------------------------+
; timer ; Input ; Warning  ; Input port expression (1 bits) is smaller than the input port (60 bits) it drives.  Extra input bit(s) "timer[59..1]" will be connected to GND. ;
+-------+-------+----------+-------------------------------------------------------------------------------------------------------------------------------------------------+


+----------------------------------------------------------------------------------------------------------------------------------------------------+
; Port Connectivity Checks: "vga_display:d1"                                                                                                         ;
+---------------------+--------+----------+----------------------------------------------------------------------------------------------------------+
; Port                ; Type   ; Severity ; Details                                                                                                  ;
+---------------------+--------+----------+----------------------------------------------------------------------------------------------------------+
; rgb_paddle1[7..4]   ; Input  ; Info     ; Stuck at VCC                                                                                             ;
; rgb_paddle1[11..8]  ; Input  ; Info     ; Stuck at GND                                                                                             ;
; rgb_paddle1[3..0]   ; Input  ; Info     ; Stuck at GND                                                                                             ;
; rgb_paddle2[11..10] ; Input  ; Info     ; Stuck at VCC                                                                                             ;
; rgb_paddle2[3..2]   ; Input  ; Info     ; Stuck at VCC                                                                                             ;
; rgb_paddle2[9..4]   ; Input  ; Info     ; Stuck at GND                                                                                             ;
; rgb_paddle2[1..0]   ; Input  ; Info     ; Stuck at GND                                                                                             ;
; score1              ; Output ; Warning  ; Declared by entity but not connected by instance. Logic that only feeds a dangling port will be removed. ;
; score2              ; Output ; Warning  ; Declared by entity but not connected by instance. Logic that only feeds a dangling port will be removed. ;
+---------------------+--------+----------+----------------------------------------------------------------------------------------------------------+


+---------------------------------------------------------------------------------------------------------------------------------------------------------------------------+
; Port Connectivity Checks: "vga_sync:v1"                                                                                                                                   ;
+--------+--------+----------+----------------------------------------------------------------------------------------------------------------------------------------------+
; Port   ; Type   ; Severity ; Details                                                                                                                                      ;
+--------+--------+----------+----------------------------------------------------------------------------------------------------------------------------------------------+
; reset  ; Input  ; Warning  ; Declared by entity but not connected by instance. If a default value exists, it will be used.  Otherwise, the port will be connected to GND. ;
; p_tick ; Output ; Warning  ; Declared by entity but not connected by instance. Logic that only feeds a dangling port will be removed.                                     ;
+--------+--------+----------+----------------------------------------------------------------------------------------------------------------------------------------------+


+-----------------------------------------------------+
; Post-Synthesis Netlist Statistics for Top Partition ;
+-----------------------+-----------------------------+
; Type                  ; Count                       ;
+-----------------------+-----------------------------+
; boundary_port         ; 185                         ;
; cycloneiii_ff         ; 305                         ;
;     CLR               ; 19                          ;
;     ENA               ; 103                         ;
;     ENA CLR           ; 4                           ;
;     ENA SCLR          ; 66                          ;
;     ENA SLD           ; 20                          ;
;     SCLR              ; 45                          ;
;     plain             ; 48                          ;
; cycloneiii_io_obuf    ; 71                          ;
; cycloneiii_lcell_comb ; 946                         ;
;     arith             ; 389                         ;
;         2 data inputs ; 242                         ;
;         3 data inputs ; 147                         ;
;     normal            ; 557                         ;
;         0 data inputs ; 13                          ;
;         1 data inputs ; 23                          ;
;         2 data inputs ; 134                         ;
;         3 data inputs ; 82                          ;
;         4 data inputs ; 305                         ;
; cycloneiii_pll        ; 1                           ;
;                       ;                             ;
; Max LUT depth         ; 11.00                       ;
; Average LUT depth     ; 5.06                        ;
+-----------------------+-----------------------------+


+-------------------------------+
; Elapsed Time Per Partition    ;
+----------------+--------------+
; Partition Name ; Elapsed Time ;
+----------------+--------------+
; Top            ; 00:00:02     ;
+----------------+--------------+


+-------------------------------+
; Analysis & Synthesis Messages ;
+-------------------------------+
Info: *******************************************************************
Info: Running Quartus Prime Analysis & Synthesis
    Info: Version 20.1.0 Build 711 06/05/2020 SJ Lite Edition
    Info: Processing started: Wed Apr 10 14:19:20 2024
Info: Command: quartus_map --read_settings_files=on --write_settings_files=off Final_Project -c v1
Warning (18236): Number of processors has not been specified which may cause overloading on shared machines.  Set the global assignment NUM_PARALLEL_PROCESSORS in your QSF to an appropriate value for best performance.
Info (20030): Parallel compilation is enabled and will use 4 of the 4 processors detected
Info (12021): Found 1 design units, including 1 entities, in source file spi_control.sv
    Info (12023): Found entity 1: spi_control File: C:/3216/216454050_218678144_217586561_Project/spi_control.sv Line: 1
Info (12021): Found 1 design units, including 1 entities, in source file spi_serdes.sv
    Info (12023): Found entity 1: spi_serdes File: C:/3216/216454050_218678144_217586561_Project/spi_serdes.sv Line: 1
Info (12021): Found 1 design units, including 1 entities, in source file de10_lite_golden_top.sv
    Info (12023): Found entity 1: DE10_LITE_Golden_Top File: C:/3216/216454050_218678144_217586561_Project/DE10_LITE_Golden_Top.sv Line: 29
Info (12021): Found 1 design units, including 1 entities, in source file ip/pll.v
    Info (12023): Found entity 1: pll File: C:/3216/216454050_218678144_217586561_Project/ip/pll.v Line: 40
Info (12021): Found 1 design units, including 1 entities, in source file output_files/vga_sync.sv
    Info (12023): Found entity 1: vga_sync File: C:/3216/216454050_218678144_217586561_Project/output_files/vga_sync.sv Line: 1
Info (12021): Found 1 design units, including 1 entities, in source file output_files/clock_divider.sv
    Info (12023): Found entity 1: clock_divider File: C:/3216/216454050_218678144_217586561_Project/output_files/clock_divider.sv Line: 1
Info (12021): Found 1 design units, including 1 entities, in source file output_files/game_state.sv
    Info (12023): Found entity 1: game_state File: C:/3216/216454050_218678144_217586561_Project/output_files/game_state.sv Line: 1
Info (12021): Found 1 design units, including 1 entities, in source file output_files/timer.sv
    Info (12023): Found entity 1: Timer File: C:/3216/216454050_218678144_217586561_Project/output_files/Timer.sv Line: 1
Info (12021): Found 1 design units, including 1 entities, in source file output_files/score_display.sv
    Info (12023): Found entity 1: score_display File: C:/3216/216454050_218678144_217586561_Project/output_files/score_display.sv Line: 1
Info (12021): Found 1 design units, including 1 entities, in source file output_files/vga_display.sv
    Info (12023): Found entity 1: vga_display File: C:/3216/216454050_218678144_217586561_Project/output_files/vga_display.sv Line: 1
Info (12021): Found 1 design units, including 1 entities, in source file output_files/puck.sv
    Info (12023): Found entity 1: puck File: C:/3216/216454050_218678144_217586561_Project/output_files/puck.sv Line: 1
Critical Warning (10846): Verilog HDL Instantiation warning at DE10_LITE_Golden_Top.sv(210): instance has no name File: C:/3216/216454050_218678144_217586561_Project/DE10_LITE_Golden_Top.sv Line: 210
Info (12127): Elaborating entity "DE10_LITE_Golden_Top" for the top level hierarchy
Warning (10230): Verilog HDL assignment warning at DE10_LITE_Golden_Top.sv(130): truncated value with size 32 to match size of target (10) File: C:/3216/216454050_218678144_217586561_Project/DE10_LITE_Golden_Top.sv Line: 130
Warning (10230): Verilog HDL assignment warning at DE10_LITE_Golden_Top.sv(131): truncated value with size 32 to match size of target (10) File: C:/3216/216454050_218678144_217586561_Project/DE10_LITE_Golden_Top.sv Line: 131
Warning (10230): Verilog HDL assignment warning at DE10_LITE_Golden_Top.sv(132): truncated value with size 32 to match size of target (10) File: C:/3216/216454050_218678144_217586561_Project/DE10_LITE_Golden_Top.sv Line: 132
Warning (10230): Verilog HDL assignment warning at DE10_LITE_Golden_Top.sv(133): truncated value with size 32 to match size of target (10) File: C:/3216/216454050_218678144_217586561_Project/DE10_LITE_Golden_Top.sv Line: 133
Warning (10230): Verilog HDL assignment warning at DE10_LITE_Golden_Top.sv(282): truncated value with size 32 to match size of target (10) File: C:/3216/216454050_218678144_217586561_Project/DE10_LITE_Golden_Top.sv Line: 282
Warning (10230): Verilog HDL assignment warning at DE10_LITE_Golden_Top.sv(283): truncated value with size 32 to match size of target (10) File: C:/3216/216454050_218678144_217586561_Project/DE10_LITE_Golden_Top.sv Line: 283
Warning (10230): Verilog HDL assignment warning at DE10_LITE_Golden_Top.sv(286): truncated value with size 32 to match size of target (10) File: C:/3216/216454050_218678144_217586561_Project/DE10_LITE_Golden_Top.sv Line: 286
Warning (10230): Verilog HDL assignment warning at DE10_LITE_Golden_Top.sv(288): truncated value with size 32 to match size of target (10) File: C:/3216/216454050_218678144_217586561_Project/DE10_LITE_Golden_Top.sv Line: 288
Warning (10230): Verilog HDL assignment warning at DE10_LITE_Golden_Top.sv(302): truncated value with size 32 to match size of target (10) File: C:/3216/216454050_218678144_217586561_Project/DE10_LITE_Golden_Top.sv Line: 302
Warning (10230): Verilog HDL assignment warning at DE10_LITE_Golden_Top.sv(303): truncated value with size 32 to match size of target (10) File: C:/3216/216454050_218678144_217586561_Project/DE10_LITE_Golden_Top.sv Line: 303
Warning (10230): Verilog HDL assignment warning at DE10_LITE_Golden_Top.sv(306): truncated value with size 32 to match size of target (10) File: C:/3216/216454050_218678144_217586561_Project/DE10_LITE_Golden_Top.sv Line: 306
Warning (10230): Verilog HDL assignment warning at DE10_LITE_Golden_Top.sv(308): truncated value with size 32 to match size of target (10) File: C:/3216/216454050_218678144_217586561_Project/DE10_LITE_Golden_Top.sv Line: 308
Warning (10034): Output port "DRAM_ADDR" at DE10_LITE_Golden_Top.sv(45) has no driver File: C:/3216/216454050_218678144_217586561_Project/DE10_LITE_Golden_Top.sv Line: 45
Warning (10034): Output port "DRAM_BA" at DE10_LITE_Golden_Top.sv(46) has no driver File: C:/3216/216454050_218678144_217586561_Project/DE10_LITE_Golden_Top.sv Line: 46
Warning (10034): Output port "HEX2" at DE10_LITE_Golden_Top.sv(66) has no driver File: C:/3216/216454050_218678144_217586561_Project/DE10_LITE_Golden_Top.sv Line: 66
Warning (10034): Output port "HEX3" at DE10_LITE_Golden_Top.sv(69) has no driver File: C:/3216/216454050_218678144_217586561_Project/DE10_LITE_Golden_Top.sv Line: 69
Warning (10034): Output port "LEDR" at DE10_LITE_Golden_Top.sv(85) has no driver File: C:/3216/216454050_218678144_217586561_Project/DE10_LITE_Golden_Top.sv Line: 85
Warning (10034): Output port "DRAM_CAS_N" at DE10_LITE_Golden_Top.sv(47) has no driver File: C:/3216/216454050_218678144_217586561_Project/DE10_LITE_Golden_Top.sv Line: 47
Warning (10034): Output port "DRAM_CKE" at DE10_LITE_Golden_Top.sv(48) has no driver File: C:/3216/216454050_218678144_217586561_Project/DE10_LITE_Golden_Top.sv Line: 48
Warning (10034): Output port "DRAM_CLK" at DE10_LITE_Golden_Top.sv(49) has no driver File: C:/3216/216454050_218678144_217586561_Project/DE10_LITE_Golden_Top.sv Line: 49
Warning (10034): Output port "DRAM_CS_N" at DE10_LITE_Golden_Top.sv(50) has no driver File: C:/3216/216454050_218678144_217586561_Project/DE10_LITE_Golden_Top.sv Line: 50
Warning (10034): Output port "DRAM_LDQM" at DE10_LITE_Golden_Top.sv(52) has no driver File: C:/3216/216454050_218678144_217586561_Project/DE10_LITE_Golden_Top.sv Line: 52
Warning (10034): Output port "DRAM_RAS_N" at DE10_LITE_Golden_Top.sv(53) has no driver File: C:/3216/216454050_218678144_217586561_Project/DE10_LITE_Golden_Top.sv Line: 53
Warning (10034): Output port "DRAM_UDQM" at DE10_LITE_Golden_Top.sv(54) has no driver File: C:/3216/216454050_218678144_217586561_Project/DE10_LITE_Golden_Top.sv Line: 54
Warning (10034): Output port "DRAM_WE_N" at DE10_LITE_Golden_Top.sv(55) has no driver File: C:/3216/216454050_218678144_217586561_Project/DE10_LITE_Golden_Top.sv Line: 55
Info (12128): Elaborating entity "vga_sync" for hierarchy "vga_sync:v1" File: C:/3216/216454050_218678144_217586561_Project/DE10_LITE_Golden_Top.sv Line: 149
Warning (10230): Verilog HDL assignment warning at vga_sync.sv(35): truncated value with size 32 to match size of target (1) File: C:/3216/216454050_218678144_217586561_Project/output_files/vga_sync.sv Line: 35
Warning (10230): Verilog HDL assignment warning at vga_sync.sv(66): truncated value with size 32 to match size of target (10) File: C:/3216/216454050_218678144_217586561_Project/output_files/vga_sync.sv Line: 66
Warning (10230): Verilog HDL assignment warning at vga_sync.sv(70): truncated value with size 32 to match size of target (10) File: C:/3216/216454050_218678144_217586561_Project/output_files/vga_sync.sv Line: 70
Info (12128): Elaborating entity "vga_display" for hierarchy "vga_display:d1" File: C:/3216/216454050_218678144_217586561_Project/DE10_LITE_Golden_Top.sv Line: 168
Warning (10036): Verilog HDL or VHDL warning at vga_display.sv(21): object "x_block_left" assigned a value but never read File: C:/3216/216454050_218678144_217586561_Project/output_files/vga_display.sv Line: 21
Warning (10036): Verilog HDL or VHDL warning at vga_display.sv(22): object "x_block_right" assigned a value but never read File: C:/3216/216454050_218678144_217586561_Project/output_files/vga_display.sv Line: 22
Warning (10036): Verilog HDL or VHDL warning at vga_display.sv(23): object "y_block" assigned a value but never read File: C:/3216/216454050_218678144_217586561_Project/output_files/vga_display.sv Line: 23
Warning (10230): Verilog HDL assignment warning at vga_display.sv(21): truncated value with size 32 to match size of target (10) File: C:/3216/216454050_218678144_217586561_Project/output_files/vga_display.sv Line: 21
Warning (10230): Verilog HDL assignment warning at vga_display.sv(22): truncated value with size 32 to match size of target (10) File: C:/3216/216454050_218678144_217586561_Project/output_files/vga_display.sv Line: 22
Warning (10230): Verilog HDL assignment warning at vga_display.sv(23): truncated value with size 32 to match size of target (10) File: C:/3216/216454050_218678144_217586561_Project/output_files/vga_display.sv Line: 23
Warning (10034): Output port "score1" at vga_display.sv(11) has no driver File: C:/3216/216454050_218678144_217586561_Project/output_files/vga_display.sv Line: 11
Warning (10034): Output port "score2" at vga_display.sv(13) has no driver File: C:/3216/216454050_218678144_217586561_Project/output_files/vga_display.sv Line: 13
Info (12128): Elaborating entity "clock_divider" for hierarchy "clock_divider:c1" File: C:/3216/216454050_218678144_217586561_Project/DE10_LITE_Golden_Top.sv Line: 173
Warning (10230): Verilog HDL assignment warning at clock_divider.sv(22): truncated value with size 32 to match size of target (28) File: C:/3216/216454050_218678144_217586561_Project/output_files/clock_divider.sv Line: 22
Info (12128): Elaborating entity "puck" for hierarchy "puck:b1" File: C:/3216/216454050_218678144_217586561_Project/DE10_LITE_Golden_Top.sv Line: 190
Warning (10230): Verilog HDL assignment warning at puck.sv(29): truncated value with size 32 to match size of target (10) File: C:/3216/216454050_218678144_217586561_Project/output_files/puck.sv Line: 29
Warning (10230): Verilog HDL assignment warning at puck.sv(30): truncated value with size 32 to match size of target (10) File: C:/3216/216454050_218678144_217586561_Project/output_files/puck.sv Line: 30
Warning (10230): Verilog HDL assignment warning at puck.sv(49): truncated value with size 32 to match size of target (10) File: C:/3216/216454050_218678144_217586561_Project/output_files/puck.sv Line: 49
Warning (10230): Verilog HDL assignment warning at puck.sv(50): truncated value with size 32 to match size of target (10) File: C:/3216/216454050_218678144_217586561_Project/output_files/puck.sv Line: 50
Warning (10230): Verilog HDL assignment warning at puck.sv(53): truncated value with size 32 to match size of target (4) File: C:/3216/216454050_218678144_217586561_Project/output_files/puck.sv Line: 53
Warning (10230): Verilog HDL assignment warning at puck.sv(56): truncated value with size 32 to match size of target (10) File: C:/3216/216454050_218678144_217586561_Project/output_files/puck.sv Line: 56
Warning (10230): Verilog HDL assignment warning at puck.sv(57): truncated value with size 32 to match size of target (10) File: C:/3216/216454050_218678144_217586561_Project/output_files/puck.sv Line: 57
Warning (10230): Verilog HDL assignment warning at puck.sv(60): truncated value with size 32 to match size of target (4) File: C:/3216/216454050_218678144_217586561_Project/output_files/puck.sv Line: 60
Warning (10230): Verilog HDL assignment warning at puck.sv(64): truncated value with size 32 to match size of target (10) File: C:/3216/216454050_218678144_217586561_Project/output_files/puck.sv Line: 64
Warning (10230): Verilog HDL assignment warning at puck.sv(65): truncated value with size 32 to match size of target (10) File: C:/3216/216454050_218678144_217586561_Project/output_files/puck.sv Line: 65
Info (12128): Elaborating entity "game_state" for hierarchy "game_state:gs" File: C:/3216/216454050_218678144_217586561_Project/DE10_LITE_Golden_Top.sv Line: 200
Info (12128): Elaborating entity "score_display" for hierarchy "score_display:comb_3" File: C:/3216/216454050_218678144_217586561_Project/DE10_LITE_Golden_Top.sv Line: 210
Info (12128): Elaborating entity "Timer" for hierarchy "Timer:tmr" File: C:/3216/216454050_218678144_217586561_Project/DE10_LITE_Golden_Top.sv Line: 219
Warning (10762): Verilog HDL Case Statement warning at Timer.sv(56): can't check case statement for completeness because the case expression has too many possible states File: C:/3216/216454050_218678144_217586561_Project/output_files/Timer.sv Line: 56
Info (12128): Elaborating entity "pll" for hierarchy "pll:ip_inst" File: C:/3216/216454050_218678144_217586561_Project/DE10_LITE_Golden_Top.sv Line: 240
Info (12128): Elaborating entity "altpll" for hierarchy "pll:ip_inst|altpll:altpll_component" File: C:/3216/216454050_218678144_217586561_Project/ip/pll.v Line: 99
Info (12130): Elaborated megafunction instantiation "pll:ip_inst|altpll:altpll_component" File: C:/3216/216454050_218678144_217586561_Project/ip/pll.v Line: 99
Info (12133): Instantiated megafunction "pll:ip_inst|altpll:altpll_component" with the following parameter: File: C:/3216/216454050_218678144_217586561_Project/ip/pll.v Line: 99
    Info (12134): Parameter "bandwidth_type" = "AUTO"
    Info (12134): Parameter "clk0_divide_by" = "2"
    Info (12134): Parameter "clk0_duty_cycle" = "50"
    Info (12134): Parameter "clk0_multiply_by" = "1"
    Info (12134): Parameter "clk0_phase_shift" = "0"
    Info (12134): Parameter "clk1_divide_by" = "25"
    Info (12134): Parameter "clk1_duty_cycle" = "50"
    Info (12134): Parameter "clk1_multiply_by" = "1"
    Info (12134): Parameter "clk1_phase_shift" = "0"
    Info (12134): Parameter "clk2_divide_by" = "25"
    Info (12134): Parameter "clk2_duty_cycle" = "50"
    Info (12134): Parameter "clk2_multiply_by" = "1"
    Info (12134): Parameter "clk2_phase_shift" = "375000"
    Info (12134): Parameter "compensate_clock" = "CLK0"
    Info (12134): Parameter "inclk0_input_frequency" = "20000"
    Info (12134): Parameter "intended_device_family" = "MAX 10"
    Info (12134): Parameter "lpm_hint" = "CBX_MODULE_PREFIX=pll"
    Info (12134): Parameter "lpm_type" = "altpll"
    Info (12134): Parameter "operation_mode" = "NORMAL"
    Info (12134): Parameter "pll_type" = "AUTO"
    Info (12134): Parameter "port_activeclock" = "PORT_UNUSED"
    Info (12134): Parameter "port_areset" = "PORT_UNUSED"
    Info (12134): Parameter "port_clkbad0" = "PORT_UNUSED"
    Info (12134): Parameter "port_clkbad1" = "PORT_UNUSED"
    Info (12134): Parameter "port_clkloss" = "PORT_UNUSED"
    Info (12134): Parameter "port_clkswitch" = "PORT_UNUSED"
    Info (12134): Parameter "port_configupdate" = "PORT_UNUSED"
    Info (12134): Parameter "port_fbin" = "PORT_UNUSED"
    Info (12134): Parameter "port_inclk0" = "PORT_USED"
    Info (12134): Parameter "port_inclk1" = "PORT_UNUSED"
    Info (12134): Parameter "port_locked" = "PORT_UNUSED"
    Info (12134): Parameter "port_pfdena" = "PORT_UNUSED"
    Info (12134): Parameter "port_phasecounterselect" = "PORT_UNUSED"
    Info (12134): Parameter "port_phasedone" = "PORT_UNUSED"
    Info (12134): Parameter "port_phasestep" = "PORT_UNUSED"
    Info (12134): Parameter "port_phaseupdown" = "PORT_UNUSED"
    Info (12134): Parameter "port_pllena" = "PORT_UNUSED"
    Info (12134): Parameter "port_scanaclr" = "PORT_UNUSED"
    Info (12134): Parameter "port_scanclk" = "PORT_UNUSED"
    Info (12134): Parameter "port_scanclkena" = "PORT_UNUSED"
    Info (12134): Parameter "port_scandata" = "PORT_UNUSED"
    Info (12134): Parameter "port_scandataout" = "PORT_UNUSED"
    Info (12134): Parameter "port_scandone" = "PORT_UNUSED"
    Info (12134): Parameter "port_scanread" = "PORT_UNUSED"
    Info (12134): Parameter "port_scanwrite" = "PORT_UNUSED"
    Info (12134): Parameter "port_clk0" = "PORT_USED"
    Info (12134): Parameter "port_clk1" = "PORT_USED"
    Info (12134): Parameter "port_clk2" = "PORT_USED"
    Info (12134): Parameter "port_clk3" = "PORT_UNUSED"
    Info (12134): Parameter "port_clk4" = "PORT_UNUSED"
    Info (12134): Parameter "port_clk5" = "PORT_UNUSED"
    Info (12134): Parameter "port_clkena0" = "PORT_UNUSED"
    Info (12134): Parameter "port_clkena1" = "PORT_UNUSED"
    Info (12134): Parameter "port_clkena2" = "PORT_UNUSED"
    Info (12134): Parameter "port_clkena3" = "PORT_UNUSED"
    Info (12134): Parameter "port_clkena4" = "PORT_UNUSED"
    Info (12134): Parameter "port_clkena5" = "PORT_UNUSED"
    Info (12134): Parameter "port_extclk0" = "PORT_UNUSED"
    Info (12134): Parameter "port_extclk1" = "PORT_UNUSED"
    Info (12134): Parameter "port_extclk2" = "PORT_UNUSED"
    Info (12134): Parameter "port_extclk3" = "PORT_UNUSED"
    Info (12134): Parameter "width_clock" = "5"
Info (12021): Found 1 design units, including 1 entities, in source file db/pll_altpll.v
    Info (12023): Found entity 1: pll_altpll File: C:/3216/216454050_218678144_217586561_Project/db/pll_altpll.v Line: 30
Info (12128): Elaborating entity "pll_altpll" for hierarchy "pll:ip_inst|altpll:altpll_component|pll_altpll:auto_generated" File: c:/intelfpga_lite/20.1/quartus/libraries/megafunctions/altpll.tdf Line: 898
Info (12128): Elaborating entity "spi_control" for hierarchy "spi_control:spi_ctrl" File: C:/3216/216454050_218678144_217586561_Project/DE10_LITE_Golden_Top.sv Line: 260
Info (10264): Verilog HDL Case Statement information at spi_control.sv(199): all case item expressions in this case statement are onehot File: C:/3216/216454050_218678144_217586561_Project/spi_control.sv Line: 199
Info (12128): Elaborating entity "spi_serdes" for hierarchy "spi_control:spi_ctrl|spi_serdes:serdes" File: C:/3216/216454050_218678144_217586561_Project/spi_control.sv Line: 127
Warning (12241): 5 hierarchies have connectivity warnings - see the Connectivity Checks report folder
Warning (13034): The following nodes have both tri-state and non-tri-state drivers
    Warning (13035): Inserted always-enabled tri-state buffer between "GSENSOR_SDI" and its non-tri-state driver. File: C:/3216/216454050_218678144_217586561_Project/DE10_LITE_Golden_Top.sv Line: 107
Warning (13039): The following bidirectional pins have no drivers
    Warning (13040): bidirectional pin "GSENSOR_SDO" has no driver File: C:/3216/216454050_218678144_217586561_Project/DE10_LITE_Golden_Top.sv Line: 108
    Warning (13040): bidirectional pin "DRAM_DQ[0]" has no driver File: C:/3216/216454050_218678144_217586561_Project/DE10_LITE_Golden_Top.sv Line: 51
    Warning (13040): bidirectional pin "DRAM_DQ[1]" has no driver File: C:/3216/216454050_218678144_217586561_Project/DE10_LITE_Golden_Top.sv Line: 51
    Warning (13040): bidirectional pin "DRAM_DQ[2]" has no driver File: C:/3216/216454050_218678144_217586561_Project/DE10_LITE_Golden_Top.sv Line: 51
    Warning (13040): bidirectional pin "DRAM_DQ[3]" has no driver File: C:/3216/216454050_218678144_217586561_Project/DE10_LITE_Golden_Top.sv Line: 51
    Warning (13040): bidirectional pin "DRAM_DQ[4]" has no driver File: C:/3216/216454050_218678144_217586561_Project/DE10_LITE_Golden_Top.sv Line: 51
    Warning (13040): bidirectional pin "DRAM_DQ[5]" has no driver File: C:/3216/216454050_218678144_217586561_Project/DE10_LITE_Golden_Top.sv Line: 51
    Warning (13040): bidirectional pin "DRAM_DQ[6]" has no driver File: C:/3216/216454050_218678144_217586561_Project/DE10_LITE_Golden_Top.sv Line: 51
    Warning (13040): bidirectional pin "DRAM_DQ[7]" has no driver File: C:/3216/216454050_218678144_217586561_Project/DE10_LITE_Golden_Top.sv Line: 51
    Warning (13040): bidirectional pin "DRAM_DQ[8]" has no driver File: C:/3216/216454050_218678144_217586561_Project/DE10_LITE_Golden_Top.sv Line: 51
    Warning (13040): bidirectional pin "DRAM_DQ[9]" has no driver File: C:/3216/216454050_218678144_217586561_Project/DE10_LITE_Golden_Top.sv Line: 51
    Warning (13040): bidirectional pin "DRAM_DQ[10]" has no driver File: C:/3216/216454050_218678144_217586561_Project/DE10_LITE_Golden_Top.sv Line: 51
    Warning (13040): bidirectional pin "DRAM_DQ[11]" has no driver File: C:/3216/216454050_218678144_217586561_Project/DE10_LITE_Golden_Top.sv Line: 51
    Warning (13040): bidirectional pin "DRAM_DQ[12]" has no driver File: C:/3216/216454050_218678144_217586561_Project/DE10_LITE_Golden_Top.sv Line: 51
    Warning (13040): bidirectional pin "DRAM_DQ[13]" has no driver File: C:/3216/216454050_218678144_217586561_Project/DE10_LITE_Golden_Top.sv Line: 51
    Warning (13040): bidirectional pin "DRAM_DQ[14]" has no driver File: C:/3216/216454050_218678144_217586561_Project/DE10_LITE_Golden_Top.sv Line: 51
    Warning (13040): bidirectional pin "DRAM_DQ[15]" has no driver File: C:/3216/216454050_218678144_217586561_Project/DE10_LITE_Golden_Top.sv Line: 51
    Warning (13040): bidirectional pin "ARDUINO_IO[0]" has no driver File: C:/3216/216454050_218678144_217586561_Project/DE10_LITE_Golden_Top.sv Line: 113
    Warning (13040): bidirectional pin "ARDUINO_IO[1]" has no driver File: C:/3216/216454050_218678144_217586561_Project/DE10_LITE_Golden_Top.sv Line: 113
    Warning (13040): bidirectional pin "ARDUINO_IO[2]" has no driver File: C:/3216/216454050_218678144_217586561_Project/DE10_LITE_Golden_Top.sv Line: 113
    Warning (13040): bidirectional pin "ARDUINO_IO[3]" has no driver File: C:/3216/216454050_218678144_217586561_Project/DE10_LITE_Golden_Top.sv Line: 113
    Warning (13040): bidirectional pin "ARDUINO_IO[4]" has no driver File: C:/3216/216454050_218678144_217586561_Project/DE10_LITE_Golden_Top.sv Line: 113
    Warning (13040): bidirectional pin "ARDUINO_IO[5]" has no driver File: C:/3216/216454050_218678144_217586561_Project/DE10_LITE_Golden_Top.sv Line: 113
    Warning (13040): bidirectional pin "ARDUINO_IO[6]" has no driver File: C:/3216/216454050_218678144_217586561_Project/DE10_LITE_Golden_Top.sv Line: 113
    Warning (13040): bidirectional pin "ARDUINO_IO[7]" has no driver File: C:/3216/216454050_218678144_217586561_Project/DE10_LITE_Golden_Top.sv Line: 113
    Warning (13040): bidirectional pin "ARDUINO_IO[8]" has no driver File: C:/3216/216454050_218678144_217586561_Project/DE10_LITE_Golden_Top.sv Line: 113
    Warning (13040): bidirectional pin "ARDUINO_IO[9]" has no driver File: C:/3216/216454050_218678144_217586561_Project/DE10_LITE_Golden_Top.sv Line: 113
    Warning (13040): bidirectional pin "ARDUINO_IO[10]" has no driver File: C:/3216/216454050_218678144_217586561_Project/DE10_LITE_Golden_Top.sv Line: 113
    Warning (13040): bidirectional pin "ARDUINO_IO[11]" has no driver File: C:/3216/216454050_218678144_217586561_Project/DE10_LITE_Golden_Top.sv Line: 113
    Warning (13040): bidirectional pin "ARDUINO_IO[12]" has no driver File: C:/3216/216454050_218678144_217586561_Project/DE10_LITE_Golden_Top.sv Line: 113
    Warning (13040): bidirectional pin "ARDUINO_IO[13]" has no driver File: C:/3216/216454050_218678144_217586561_Project/DE10_LITE_Golden_Top.sv Line: 113
    Warning (13040): bidirectional pin "ARDUINO_IO[14]" has no driver File: C:/3216/216454050_218678144_217586561_Project/DE10_LITE_Golden_Top.sv Line: 113
    Warning (13040): bidirectional pin "ARDUINO_IO[15]" has no driver File: C:/3216/216454050_218678144_217586561_Project/DE10_LITE_Golden_Top.sv Line: 113
    Warning (13040): bidirectional pin "ARDUINO_RESET_N" has no driver File: C:/3216/216454050_218678144_217586561_Project/DE10_LITE_Golden_Top.sv Line: 114
    Warning (13040): bidirectional pin "GPIO[0]" has no driver File: C:/3216/216454050_218678144_217586561_Project/DE10_LITE_Golden_Top.sv Line: 121
    Warning (13040): bidirectional pin "GPIO[1]" has no driver File: C:/3216/216454050_218678144_217586561_Project/DE10_LITE_Golden_Top.sv Line: 121
    Warning (13040): bidirectional pin "GPIO[2]" has no driver File: C:/3216/216454050_218678144_217586561_Project/DE10_LITE_Golden_Top.sv Line: 121
    Warning (13040): bidirectional pin "GPIO[3]" has no driver File: C:/3216/216454050_218678144_217586561_Project/DE10_LITE_Golden_Top.sv Line: 121
    Warning (13040): bidirectional pin "GPIO[4]" has no driver File: C:/3216/216454050_218678144_217586561_Project/DE10_LITE_Golden_Top.sv Line: 121
    Warning (13040): bidirectional pin "GPIO[5]" has no driver File: C:/3216/216454050_218678144_217586561_Project/DE10_LITE_Golden_Top.sv Line: 121
    Warning (13040): bidirectional pin "GPIO[6]" has no driver File: C:/3216/216454050_218678144_217586561_Project/DE10_LITE_Golden_Top.sv Line: 121
    Warning (13040): bidirectional pin "GPIO[7]" has no driver File: C:/3216/216454050_218678144_217586561_Project/DE10_LITE_Golden_Top.sv Line: 121
    Warning (13040): bidirectional pin "GPIO[8]" has no driver File: C:/3216/216454050_218678144_217586561_Project/DE10_LITE_Golden_Top.sv Line: 121
    Warning (13040): bidirectional pin "GPIO[9]" has no driver File: C:/3216/216454050_218678144_217586561_Project/DE10_LITE_Golden_Top.sv Line: 121
    Warning (13040): bidirectional pin "GPIO[10]" has no driver File: C:/3216/216454050_218678144_217586561_Project/DE10_LITE_Golden_Top.sv Line: 121
    Warning (13040): bidirectional pin "GPIO[11]" has no driver File: C:/3216/216454050_218678144_217586561_Project/DE10_LITE_Golden_Top.sv Line: 121
    Warning (13040): bidirectional pin "GPIO[12]" has no driver File: C:/3216/216454050_218678144_217586561_Project/DE10_LITE_Golden_Top.sv Line: 121
    Warning (13040): bidirectional pin "GPIO[13]" has no driver File: C:/3216/216454050_218678144_217586561_Project/DE10_LITE_Golden_Top.sv Line: 121
    Warning (13040): bidirectional pin "GPIO[14]" has no driver File: C:/3216/216454050_218678144_217586561_Project/DE10_LITE_Golden_Top.sv Line: 121
    Warning (13040): bidirectional pin "GPIO[15]" has no driver File: C:/3216/216454050_218678144_217586561_Project/DE10_LITE_Golden_Top.sv Line: 121
    Warning (13040): bidirectional pin "GPIO[16]" has no driver File: C:/3216/216454050_218678144_217586561_Project/DE10_LITE_Golden_Top.sv Line: 121
    Warning (13040): bidirectional pin "GPIO[17]" has no driver File: C:/3216/216454050_218678144_217586561_Project/DE10_LITE_Golden_Top.sv Line: 121
    Warning (13040): bidirectional pin "GPIO[18]" has no driver File: C:/3216/216454050_218678144_217586561_Project/DE10_LITE_Golden_Top.sv Line: 121
    Warning (13040): bidirectional pin "GPIO[19]" has no driver File: C:/3216/216454050_218678144_217586561_Project/DE10_LITE_Golden_Top.sv Line: 121
    Warning (13040): bidirectional pin "GPIO[20]" has no driver File: C:/3216/216454050_218678144_217586561_Project/DE10_LITE_Golden_Top.sv Line: 121
    Warning (13040): bidirectional pin "GPIO[21]" has no driver File: C:/3216/216454050_218678144_217586561_Project/DE10_LITE_Golden_Top.sv Line: 121
    Warning (13040): bidirectional pin "GPIO[22]" has no driver File: C:/3216/216454050_218678144_217586561_Project/DE10_LITE_Golden_Top.sv Line: 121
    Warning (13040): bidirectional pin "GPIO[23]" has no driver File: C:/3216/216454050_218678144_217586561_Project/DE10_LITE_Golden_Top.sv Line: 121
    Warning (13040): bidirectional pin "GPIO[24]" has no driver File: C:/3216/216454050_218678144_217586561_Project/DE10_LITE_Golden_Top.sv Line: 121
    Warning (13040): bidirectional pin "GPIO[25]" has no driver File: C:/3216/216454050_218678144_217586561_Project/DE10_LITE_Golden_Top.sv Line: 121
    Warning (13040): bidirectional pin "GPIO[26]" has no driver File: C:/3216/216454050_218678144_217586561_Project/DE10_LITE_Golden_Top.sv Line: 121
    Warning (13040): bidirectional pin "GPIO[27]" has no driver File: C:/3216/216454050_218678144_217586561_Project/DE10_LITE_Golden_Top.sv Line: 121
    Warning (13040): bidirectional pin "GPIO[28]" has no driver File: C:/3216/216454050_218678144_217586561_Project/DE10_LITE_Golden_Top.sv Line: 121
    Warning (13040): bidirectional pin "GPIO[29]" has no driver File: C:/3216/216454050_218678144_217586561_Project/DE10_LITE_Golden_Top.sv Line: 121
    Warning (13040): bidirectional pin "GPIO[30]" has no driver File: C:/3216/216454050_218678144_217586561_Project/DE10_LITE_Golden_Top.sv Line: 121
    Warning (13040): bidirectional pin "GPIO[31]" has no driver File: C:/3216/216454050_218678144_217586561_Project/DE10_LITE_Golden_Top.sv Line: 121
    Warning (13040): bidirectional pin "GPIO[32]" has no driver File: C:/3216/216454050_218678144_217586561_Project/DE10_LITE_Golden_Top.sv Line: 121
    Warning (13040): bidirectional pin "GPIO[33]" has no driver File: C:/3216/216454050_218678144_217586561_Project/DE10_LITE_Golden_Top.sv Line: 121
    Warning (13040): bidirectional pin "GPIO[34]" has no driver File: C:/3216/216454050_218678144_217586561_Project/DE10_LITE_Golden_Top.sv Line: 121
    Warning (13040): bidirectional pin "GPIO[35]" has no driver File: C:/3216/216454050_218678144_217586561_Project/DE10_LITE_Golden_Top.sv Line: 121
Warning (13009): TRI or OPNDRN buffers permanently enabled
    Warning (13010): Node "GSENSOR_SDI~synth" File: C:/3216/216454050_218678144_217586561_Project/DE10_LITE_Golden_Top.sv Line: 107
Warning (13024): Output pins are stuck at VCC or GND
    Warning (13410): Pin "DRAM_ADDR[0]" is stuck at GND File: C:/3216/216454050_218678144_217586561_Project/DE10_LITE_Golden_Top.sv Line: 45
    Warning (13410): Pin "DRAM_ADDR[1]" is stuck at GND File: C:/3216/216454050_218678144_217586561_Project/DE10_LITE_Golden_Top.sv Line: 45
    Warning (13410): Pin "DRAM_ADDR[2]" is stuck at GND File: C:/3216/216454050_218678144_217586561_Project/DE10_LITE_Golden_Top.sv Line: 45
    Warning (13410): Pin "DRAM_ADDR[3]" is stuck at GND File: C:/3216/216454050_218678144_217586561_Project/DE10_LITE_Golden_Top.sv Line: 45
    Warning (13410): Pin "DRAM_ADDR[4]" is stuck at GND File: C:/3216/216454050_218678144_217586561_Project/DE10_LITE_Golden_Top.sv Line: 45
    Warning (13410): Pin "DRAM_ADDR[5]" is stuck at GND File: C:/3216/216454050_218678144_217586561_Project/DE10_LITE_Golden_Top.sv Line: 45
    Warning (13410): Pin "DRAM_ADDR[6]" is stuck at GND File: C:/3216/216454050_218678144_217586561_Project/DE10_LITE_Golden_Top.sv Line: 45
    Warning (13410): Pin "DRAM_ADDR[7]" is stuck at GND File: C:/3216/216454050_218678144_217586561_Project/DE10_LITE_Golden_Top.sv Line: 45
    Warning (13410): Pin "DRAM_ADDR[8]" is stuck at GND File: C:/3216/216454050_218678144_217586561_Project/DE10_LITE_Golden_Top.sv Line: 45
    Warning (13410): Pin "DRAM_ADDR[9]" is stuck at GND File: C:/3216/216454050_218678144_217586561_Project/DE10_LITE_Golden_Top.sv Line: 45
    Warning (13410): Pin "DRAM_ADDR[10]" is stuck at GND File: C:/3216/216454050_218678144_217586561_Project/DE10_LITE_Golden_Top.sv Line: 45
    Warning (13410): Pin "DRAM_ADDR[11]" is stuck at GND File: C:/3216/216454050_218678144_217586561_Project/DE10_LITE_Golden_Top.sv Line: 45
    Warning (13410): Pin "DRAM_ADDR[12]" is stuck at GND File: C:/3216/216454050_218678144_217586561_Project/DE10_LITE_Golden_Top.sv Line: 45
    Warning (13410): Pin "DRAM_BA[0]" is stuck at GND File: C:/3216/216454050_218678144_217586561_Project/DE10_LITE_Golden_Top.sv Line: 46
    Warning (13410): Pin "DRAM_BA[1]" is stuck at GND File: C:/3216/216454050_218678144_217586561_Project/DE10_LITE_Golden_Top.sv Line: 46
    Warning (13410): Pin "DRAM_CAS_N" is stuck at GND File: C:/3216/216454050_218678144_217586561_Project/DE10_LITE_Golden_Top.sv Line: 47
    Warning (13410): Pin "DRAM_CKE" is stuck at GND File: C:/3216/216454050_218678144_217586561_Project/DE10_LITE_Golden_Top.sv Line: 48
    Warning (13410): Pin "DRAM_CLK" is stuck at GND File: C:/3216/216454050_218678144_217586561_Project/DE10_LITE_Golden_Top.sv Line: 49
    Warning (13410): Pin "DRAM_CS_N" is stuck at GND File: C:/3216/216454050_218678144_217586561_Project/DE10_LITE_Golden_Top.sv Line: 50
    Warning (13410): Pin "DRAM_LDQM" is stuck at GND File: C:/3216/216454050_218678144_217586561_Project/DE10_LITE_Golden_Top.sv Line: 52
    Warning (13410): Pin "DRAM_RAS_N" is stuck at GND File: C:/3216/216454050_218678144_217586561_Project/DE10_LITE_Golden_Top.sv Line: 53
    Warning (13410): Pin "DRAM_UDQM" is stuck at GND File: C:/3216/216454050_218678144_217586561_Project/DE10_LITE_Golden_Top.sv Line: 54
    Warning (13410): Pin "DRAM_WE_N" is stuck at GND File: C:/3216/216454050_218678144_217586561_Project/DE10_LITE_Golden_Top.sv Line: 55
    Warning (13410): Pin "HEX0[7]" is stuck at GND File: C:/3216/216454050_218678144_217586561_Project/DE10_LITE_Golden_Top.sv Line: 60
    Warning (13410): Pin "HEX1[7]" is stuck at GND File: C:/3216/216454050_218678144_217586561_Project/DE10_LITE_Golden_Top.sv Line: 63
    Warning (13410): Pin "HEX2[0]" is stuck at GND File: C:/3216/216454050_218678144_217586561_Project/DE10_LITE_Golden_Top.sv Line: 66
    Warning (13410): Pin "HEX2[1]" is stuck at GND File: C:/3216/216454050_218678144_217586561_Project/DE10_LITE_Golden_Top.sv Line: 66
    Warning (13410): Pin "HEX2[2]" is stuck at GND File: C:/3216/216454050_218678144_217586561_Project/DE10_LITE_Golden_Top.sv Line: 66
    Warning (13410): Pin "HEX2[3]" is stuck at GND File: C:/3216/216454050_218678144_217586561_Project/DE10_LITE_Golden_Top.sv Line: 66
    Warning (13410): Pin "HEX2[4]" is stuck at GND File: C:/3216/216454050_218678144_217586561_Project/DE10_LITE_Golden_Top.sv Line: 66
    Warning (13410): Pin "HEX2[5]" is stuck at GND File: C:/3216/216454050_218678144_217586561_Project/DE10_LITE_Golden_Top.sv Line: 66
    Warning (13410): Pin "HEX2[6]" is stuck at GND File: C:/3216/216454050_218678144_217586561_Project/DE10_LITE_Golden_Top.sv Line: 66
    Warning (13410): Pin "HEX2[7]" is stuck at GND File: C:/3216/216454050_218678144_217586561_Project/DE10_LITE_Golden_Top.sv Line: 66
    Warning (13410): Pin "HEX3[0]" is stuck at GND File: C:/3216/216454050_218678144_217586561_Project/DE10_LITE_Golden_Top.sv Line: 69
    Warning (13410): Pin "HEX3[1]" is stuck at GND File: C:/3216/216454050_218678144_217586561_Project/DE10_LITE_Golden_Top.sv Line: 69
    Warning (13410): Pin "HEX3[2]" is stuck at GND File: C:/3216/216454050_218678144_217586561_Project/DE10_LITE_Golden_Top.sv Line: 69
    Warning (13410): Pin "HEX3[3]" is stuck at GND File: C:/3216/216454050_218678144_217586561_Project/DE10_LITE_Golden_Top.sv Line: 69
    Warning (13410): Pin "HEX3[4]" is stuck at GND File: C:/3216/216454050_218678144_217586561_Project/DE10_LITE_Golden_Top.sv Line: 69
    Warning (13410): Pin "HEX3[5]" is stuck at GND File: C:/3216/216454050_218678144_217586561_Project/DE10_LITE_Golden_Top.sv Line: 69
    Warning (13410): Pin "HEX3[6]" is stuck at GND File: C:/3216/216454050_218678144_217586561_Project/DE10_LITE_Golden_Top.sv Line: 69
    Warning (13410): Pin "HEX3[7]" is stuck at GND File: C:/3216/216454050_218678144_217586561_Project/DE10_LITE_Golden_Top.sv Line: 69
    Warning (13410): Pin "HEX4[7]" is stuck at GND File: C:/3216/216454050_218678144_217586561_Project/DE10_LITE_Golden_Top.sv Line: 72
    Warning (13410): Pin "HEX5[7]" is stuck at GND File: C:/3216/216454050_218678144_217586561_Project/DE10_LITE_Golden_Top.sv Line: 75
    Warning (13410): Pin "LEDR[0]" is stuck at GND File: C:/3216/216454050_218678144_217586561_Project/DE10_LITE_Golden_Top.sv Line: 85
    Warning (13410): Pin "LEDR[1]" is stuck at GND File: C:/3216/216454050_218678144_217586561_Project/DE10_LITE_Golden_Top.sv Line: 85
    Warning (13410): Pin "LEDR[2]" is stuck at GND File: C:/3216/216454050_218678144_217586561_Project/DE10_LITE_Golden_Top.sv Line: 85
    Warning (13410): Pin "LEDR[3]" is stuck at GND File: C:/3216/216454050_218678144_217586561_Project/DE10_LITE_Golden_Top.sv Line: 85
    Warning (13410): Pin "LEDR[4]" is stuck at GND File: C:/3216/216454050_218678144_217586561_Project/DE10_LITE_Golden_Top.sv Line: 85
    Warning (13410): Pin "LEDR[5]" is stuck at GND File: C:/3216/216454050_218678144_217586561_Project/DE10_LITE_Golden_Top.sv Line: 85
    Warning (13410): Pin "LEDR[6]" is stuck at GND File: C:/3216/216454050_218678144_217586561_Project/DE10_LITE_Golden_Top.sv Line: 85
    Warning (13410): Pin "LEDR[7]" is stuck at GND File: C:/3216/216454050_218678144_217586561_Project/DE10_LITE_Golden_Top.sv Line: 85
    Warning (13410): Pin "LEDR[8]" is stuck at GND File: C:/3216/216454050_218678144_217586561_Project/DE10_LITE_Golden_Top.sv Line: 85
    Warning (13410): Pin "LEDR[9]" is stuck at GND File: C:/3216/216454050_218678144_217586561_Project/DE10_LITE_Golden_Top.sv Line: 85
Info (286030): Timing-Driven Synthesis is running
Info (17049): 46 registers lost all their fanouts during netlist optimizations.
Info (144001): Generated suppressed messages file C:/3216/216454050_218678144_217586561_Project/output_files/v1.map.smsg
Info (16010): Generating hard_block partition "hard_block:auto_generated_inst"
    Info (16011): Adding 1 node(s), including 0 DDIO, 1 PLL, 0 transceiver and 0 LCELL
Warning (15897): PLL "pll:ip_inst|altpll:altpll_component|pll_altpll:auto_generated|pll1" has parameter compensate_clock set to clock0 but port CLK[0] is not connected File: C:/3216/216454050_218678144_217586561_Project/db/pll_altpll.v Line: 44
Warning (15899): PLL "pll:ip_inst|altpll:altpll_component|pll_altpll:auto_generated|pll1" has parameters clk0_multiply_by and clk0_divide_by specified but port CLK[0] is not connected File: C:/3216/216454050_218678144_217586561_Project/db/pll_altpll.v Line: 44
Warning (21074): Design contains 10 input pin(s) that do not drive logic
    Warning (15610): No output dependent on input pin "ADC_CLK_10" File: C:/3216/216454050_218678144_217586561_Project/DE10_LITE_Golden_Top.sv Line: 32
    Warning (15610): No output dependent on input pin "MAX10_CLK2_50" File: C:/3216/216454050_218678144_217586561_Project/DE10_LITE_Golden_Top.sv Line: 40
    Warning (15610): No output dependent on input pin "SW[2]" File: C:/3216/216454050_218678144_217586561_Project/DE10_LITE_Golden_Top.sv Line: 90
    Warning (15610): No output dependent on input pin "SW[3]" File: C:/3216/216454050_218678144_217586561_Project/DE10_LITE_Golden_Top.sv Line: 90
    Warning (15610): No output dependent on input pin "SW[4]" File: C:/3216/216454050_218678144_217586561_Project/DE10_LITE_Golden_Top.sv Line: 90
    Warning (15610): No output dependent on input pin "SW[5]" File: C:/3216/216454050_218678144_217586561_Project/DE10_LITE_Golden_Top.sv Line: 90
    Warning (15610): No output dependent on input pin "SW[6]" File: C:/3216/216454050_218678144_217586561_Project/DE10_LITE_Golden_Top.sv Line: 90
    Warning (15610): No output dependent on input pin "SW[7]" File: C:/3216/216454050_218678144_217586561_Project/DE10_LITE_Golden_Top.sv Line: 90
    Warning (15610): No output dependent on input pin "GSENSOR_INT[1]" File: C:/3216/216454050_218678144_217586561_Project/DE10_LITE_Golden_Top.sv Line: 105
    Warning (15610): No output dependent on input pin "GSENSOR_INT[2]" File: C:/3216/216454050_218678144_217586561_Project/DE10_LITE_Golden_Top.sv Line: 105
Info (21057): Implemented 1138 device resources after synthesis - the final resource count might be different
    Info (21058): Implemented 17 input pins
    Info (21059): Implemented 97 output pins
    Info (21060): Implemented 71 bidirectional pins
    Info (21061): Implemented 952 logic cells
    Info (21065): Implemented 1 PLLs
Info: Quartus Prime Analysis & Synthesis was successful. 0 errors, 193 warnings
    Info: Peak virtual memory: 4783 megabytes
    Info: Processing ended: Wed Apr 10 14:19:32 2024
    Info: Elapsed time: 00:00:12
    Info: Total CPU time (on all processors): 00:00:21


+------------------------------------------+
; Analysis & Synthesis Suppressed Messages ;
+------------------------------------------+
The suppressed messages can be found in C:/3216/216454050_218678144_217586561_Project/output_files/v1.map.smsg.


